paint_index,paintkit_codename,description_tag,name_en,wear_min,wear_max
0,default,#PaintKit_Default_Tag,-,0.06,0.8
2,so_olive,#PaintKit_so_olive_Tag,Groundwater,0.0,1.0
3,so_red,#PaintKit_so_red_Tag,Candy Apple,0.0,0.3
5,hy_ddpat,#PaintKit_hy_ddpat_Tag,Forest DDPAT,0.0,1.0
6,hy_arctic,#PaintKit_hy_arctic_Tag,Arctic Camo,0.0,1.0
8,hy_desert,#PaintKit_hy_desert_Tag,Desert Storm,0.0,1.0
9,hy_tiger,#PaintKit_hy_tiger_Tag,Bengal Tiger,0.0,1.0
10,hy_copperhead,#PaintKit_hy_copperhead_Tag,Copperhead,0.12,0.38
11,hy_skulls,#PaintKit_hy_skulls_Tag,Skulls,0.1,0.26
12,hy_webs,#PaintKit_hy_webs_Tag,Crimson Web,0.0,1.0
13,hy_splatter,#PaintKit_hy_splatter_Tag,Blue Streak,0.0,1.0
14,hy_ak47lam,#PaintKit_hy_ak47lam_Tag,Red Laminate,0.0,1.0
15,hy_gelpen,#PaintKit_hy_gelpen_Tag,Gunsmoke,0.0,1.0
16,hy_v_tiger,#PaintKit_hy_v_tiger_Tag,Jungle Tiger,0.0,1.0
17,hy_ddpat_urb,#PaintKit_hy_ddpat_urb_Tag,Urban DDPAT,0.0,1.0
20,hy_zombie,#PaintKit_hy_zombie_Tag,Virus,0.0,1.0
21,hy_granite,#PaintKit_hy_granite_Tag,Granite Marbleized,0.0,1.0
22,sp_spray,#PaintKit_sp_spray_Tag,Contrast Spray,0.0,1.0
25,sp_leaves,#PaintKit_sp_leaves_Tag,Forest Leaves,0.0,1.0
26,sp_short_tape,#PaintKit_sp_short_tape_Tag,Lichen Dashed,0.0,1.0
27,sp_tape,#PaintKit_sp_tape_Tag,Bone Mask,0.0,1.0
28,an_navy,#PaintKit_an_navy_Tag,Anodized Navy,0.0,0.08
30,sp_snake,#PaintKit_sp_snake_Tag,Snake Camo,0.0,1.0
32,an_silver,#PaintKit_an_silver_Tag,Silver,0.0,0.08
33,an_red,#PaintKit_an_red_Tag,Hot Rod,0.0,0.08
34,am_urban,#PaintKit_am_urban_Tag,Metallic DDPAT,0.0,0.08
36,am_ossify,#PaintKit_am_ossify_Tag,Ossified,0.0,0.08
37,aa_flames,#PaintKit_aa_flames_Tag,Blaze,0.0,0.08
38,aa_fade,#PaintKit_aa_fade_Tag,Fade,0.0,0.08
39,so_yellow,#PaintKit_so_yellow_Tag,Bulldozer,0.0,1.0
40,so_night,#PaintKit_so_night_Tag,Night,0.0,1.0
41,aq_copper,#PaintKit_aq_copper_Tag,Copper,0.0,1.0
42,aq_blued,#PaintKit_aq_blued_Tag,Blue Steel,0.0,1.0
43,aq_forced,#PaintKit_aq_forced_Tag,Stained,0.0,1.0
44,aq_oiled,#PaintKit_aq_oiled_Tag,Case Hardened,0.0,1.0
46,so_pmc,#PaintKit_so_pmc_Tag,Contractor,0.0,1.0
47,so_space_marine,#PaintKit_so_space_marine_Tag,Colony,0.0,1.0
48,am_dragon_glock,#PaintKit_am_dragon_glock_Tag,Dragon Tattoo,0.0,0.08
51,am_lightning_awp,#PaintKit_am_lightning_awp_Tag,Lightning Strike,0.0,0.08
59,am_zebra,#PaintKit_am_zebra_Tag,Slaughter,0.01,0.26
60,am_zebra_dark,#PaintKit_am_zebra_dark_Tag,Dark Water,0.1,0.26
61,aa_vertigo,#PaintKit_aa_vertigo_Tag,Hypnotic,0.0,0.08
62,cu_spring_nova,#PaintKit_cu_spring_nova_Tag,Bloomstick,0.0,1.0
67,am_slither_p90,#PaintKit_am_slither_p90_Tag,Cold Blooded,0.0,0.08
70,am_carbon_fiber,#PaintKit_am_carbon_fiber_Tag,Carbon Fiber,0.0,0.12
71,am_scorpion_p2000,#PaintKit_am_scorpion_p2000_Tag,Scorpion,0.0,0.08
72,sp_mesh_tan,#PaintKit_sp_mesh_tan_Tag,Safari Mesh,0.0,1.0
73,hy_feathers_aug,#PaintKit_hy_feathers_aug_Tag,Wings,0.0,0.14
74,hy_arctic_contrast,#Paintkit_hy_arctic_contrast_Tag,Polar Camo,0.0,1.0
75,hy_blizzard,#PaintKit_hy_blizzard_Tag,Blizzard Marbleized,0.0,1.0
76,hy_forest_winter,#PaintKit_hy_forest_winter_Tag,Winter Forest,0.0,1.0
77,hy_forest_boreal,#PaintKit_hy_forest_boreal_Tag,Boreal Forest,0.0,1.0
78,hy_forest_night,#PaintKit_hy_forest_night_Tag,Forest Night,0.0,1.0
83,hy_ddpat_orange,#PaintKit_hy_ddpat_orange_Tag,Orange DDPAT,0.0,1.0
84,hy_ddpat_pink,#PaintKit_hy_ddpat_pink_Tag,Pink DDPAT,0.0,1.0
90,hy_mottled_sand,#PaintKit_hy_sediment_Tag,Mudder,0.0,1.0
92,hy_reef,#PaintKit_hy_reef_rock_Tag,Cyanospatter,0.0,1.0
93,so_caramel,#PaintKit_so_caramel_Tag,Caramel,0.0,1.0
95,so_grassland,#PaintKit_so_grassland_Tag,Grassland,0.0,1.0
96,so_moss,#PaintKit_so_moss_Tag,Blue Spruce,0.0,1.0
98,so_purple,#PaintKit_so_purple_Tag,Ultraviolet,0.0,1.0
99,so_sand,#PaintKit_so_sand_Tag,Sand Dune,0.0,1.0
100,so_stormfront,#PaintKit_so_stormfront_Tag,Storm,0.0,1.0
101,so_tornado,#PaintKit_so_tornado_Tag,Tornado,0.0,1.0
102,so_whiteout,#PaintKit_so_whiteout_Tag,Whiteout,0.0,1.0
104,sp_leaves_grassland,#PaintKit_sp_leaves_grassland_Tag,Grassland Leaves,0.0,1.0
106,m4a1s_vaporwave,PaintKit_m4a1s_vaporwave_Tag,Vaporwave,0.0,0.597321
107,sp_mesh_arctic_contrast,#PaintKit_sp_mesh_arctic_contrast_Tag,Polar Mesh,0.0,1.0
110,sp_mesh_forest_fire,#PaintKit_sp_mesh_fire_Tag,Condemned,0.0,1.0
111,sp_mesh_glacier,#PaintKit_sp_mesh_glacier_Tag,Glacier Mesh,0.0,1.0
112,dual_elite_hydro_strike,PaintKit_dual_elite_hydro_strike_Tag,Hydro Strike,0.0,0.801418
113,ak47_t_bus,PaintKit_ak47_t_bus_Tag,The Outsiders,0.0,0.9
114,deagle_calligraff,PaintKit_deagle_calligraff_Tag,Calligraffiti,0.0,1.0
115,usp_field_snake,PaintKit_usp_field_snake_Tag,027,0.0,1.0
116,sp_mesh_sand,#PaintKit_sp_mesh_sand_Tag,Sand Mesh,0.0,1.0
117,scar20_fury_topo,PaintKit_scar20_fury_topo_Tag,Trail Blazer,0.0,0.702614
118,m4a4_fusion,PaintKit_m4a4_fusion_Tag,Turbine,0.0,0.85
119,sp_spray_desert_sage,#PaintKit_sp_spray_sage_Tag,Sage Spray,0.0,1.0
120,m249_hypnosis,PaintKit_m249_hypnosis_Tag,Hypnosis,0.0,1.0
121,aug_puffer,PaintKit_aug_puffer_Tag,Luxe Trim,0.0,0.9
122,sp_spray_jungle,#PaintKit_sp_spray_jungle_Tag,Jungle Spray,0.0,1.0
123,r8_roses_and_guns,PaintKit_r8_roses_and_guns_Tag,Tango,0.0,0.851064
124,sp_spray_sand,#PaintKit_sp_spray_sand_Tag,Sand Spray,0.0,1.0
125,cu_xray_p250,#PaintKit_cu_xray_p250_Tag,X-Ray,0.0,0.3
126,mac10_ozaki,PaintKit_mac10_ozaki_Tag,Saibā Oni,0.0,0.66
127,p90_randy_rush,PaintKit_p90_randy_rush_Tag,Randy Rush,0.0,0.75
128,ssg08_transit_white,PaintKit_ssg08_transit_white_Tag,Rapid Transit,0.0,0.75
129,glock_chomper,PaintKit_glock_chomper_Tag,Gold Toof,0.0,0.730496
130,p250_impact,PaintKit_p250_impact_Tag,Epicenter,0.0,0.8
131,ump45_neo_noir,PaintKit_cu_glock_noir_Tag,Neo-Noir,0.0,1.0
133,sp_overpass_doodle_plum,#PaintKit_sp_overpass_doodle_plum_Tag,Wash me,0.0,0.5
134,cu_overpass_graf_aug,#PaintKit_cu_overpass_graf_aug_Tag,Eye of Zapems,0.0,0.85
135,sp_tape_dots_urban,#PaintKit_sp_tape_dots_urban_Tag,Urban Perforated,0.0,1.0
136,sp_tape_dots_waves,#PaintKit_sp_tape_dots_waves_Tag,Waves Perforated,0.0,1.0
137,cu_overpass_crakow_awp,#PaintKit_cu_overpass_crakow_awp_Tag,Crakow!,0.0,1.0
138,cu_overpass_aqua_deagle,#PaintKit_cu_overpass_aqua_deagle_Tag,Tilted,0.0,0.75
139,cu_overpass_baby_dualies,#PaintKit_cu_overpass_baby_dualies_Tag,Sweet Little Angels,0.0,0.82
140,cu_overpass_squeak_mac10,#PaintKit_cu_overpass_squeak_mac10_Tag,Pipsqueak,0.0,0.9
141,sp_tape_orange,#PaintKit_sp_tape_orange_Tag,Orange Peel,0.0,1.0
142,cu_overpass_monster_ak47,#PaintKit_cu_overpass_monster_ak47_Tag,B the Monster,0.0,0.8
143,sp_tape_urban,#PaintKit_sp_tape_urban_Tag,Urban Masked,0.0,1.0
144,cu_overpass_graf_negev,#PaintKit_cu_overpass_graf_negev_Tag,Wall Bang,0.0,1.0
145,cu_overpass_wurst_nova,#PaintKit_cu_overpass_wurst_nova_Tag,Wurst Hölle,0.0,1.0
146,cu_overpass_monsters_xm,#PaintKit_cu_overpass_monsters_xm_Tag,Monster Melt,0.0,0.75
147,sp_tape_short_jungle,#PaintKit_sp_short_tape_jungle_Tag,Jungle Dashed,0.0,1.0
148,sp_tape_short_sand,#PaintKit_sp_short_tape_sand_Tag,Sand Dashed,0.0,1.0
149,sp_tape_short_urban,#PaintKit_sp_short_tape_urban_Tag,Urban Dashed,0.0,1.0
151,so_jungle,#PaintKit_so_jungle_Tag,Jungle,0.0,1.0
152,hy_overpass_tagged_teal,#PaintKit_hy_overpass_tagged_teal_Tag,Teal Graf,0.0,0.5
153,so_tangerine,#PaintKit_so_tangerine_Tag,Demolition,0.26,0.6
154,cu_broken_path_famas,#PaintKit_cu_broken_path_famas_Tag,Afterimage,0.02,0.4
155,cu_bullet_rain_m4a1,#PaintKit_cu_bullet_rain_m4a1_Tag,Bullet Rain,0.02,0.46
156,cu_catskulls_p90,#PaintKit_cu_catskulls_p90_Tag,Death by Kitty,0.08,0.32
157,sp_palm,#PaintKit_sp_palm_Tag,,0.0,1.0
158,cu_walnut_nova,#PaintKit_cu_walnut_nova_Tag,Walnut,0.0,1.0
159,aq_brass,#PaintKit_aq_brass_Tag,Brass,0.0,1.0
160,hy_overpass_doodle_m4a1s,#PaintKit_hy_overpass_doodle_m4a1s_Tag,Wash me plz,0.0,0.58
161,sp_overpass_paint_pen_neon,#PaintKit_sp_overpass_paint_pen_neon_Tag,Neon Squeezer,0.2,0.9
162,sp_splash_p250,#PaintKit_sp_splash_p250_Tag,Splash,0.0,0.18
163,gs_independe_awp,#PaintKit_gs_independe_awp_Tag,CMYK,0.0,0.8
164,hy_hunter_modern,#PaintKit_hy_hunter_modern_Tag,Modern Hunter,0.0,1.0
165,hy_hunter_blaze_pink,#PaintKit_hy_hunter_blaze_pink_Tag,Splash Jam,0.0,1.0
166,hy_hunter_blaze_orange,#PaintKit_hy_hunter_blaze_orange_Tag,Blaze Orange,0.0,1.0
167,sp_nukestripe_orange,#PaintKit_sp_nukestripe_orange_Tag,Radiation Hazard,0.0,1.0
168,sp_nukestripe_green,#PaintKit_sp_nukestripe_green_Tag,Nuclear Threat,0.0,1.0
169,sp_nukestripe_maroon,#PaintKit_sp_nukestripe_maroon_Tag,Fallout Warning,0.0,1.0
170,sp_zebracam,#PaintKit_sp_zebracam_Tag,Predator,0.0,1.0
171,sp_nukestripe_brown,#PaintKit_sp_nukestripe_brown_Tag,Irradiated Alert,0.0,1.0
172,hy_ak47lam_bw,#PaintKit_hy_ak47lam_bw_Tag,Black Laminate,0.0,1.0
173,gs_lilpig_aug,#PaintKit_gs_lilpig_aug_Tag,Lil' Pig,0.0,0.8
174,hy_blam_simple,#PaintKit_hy_blam_simple_Tag,BOOM,0.0,0.28
175,sp_dapple,#PaintKit_sp_dapple_Tag,Scorched,0.0,1.0
176,sp_zebracam_bw,#PaintKit_sp_zebracam_bw_Tag,Faded Zebra,0.0,1.0
177,hy_icosahedron,#PaintKit_CSGO_Icosahedron_Tag,Memento,0.02,0.18
178,hy_doomkitty,#PaintKit_CSGO_Doomkitty_Tag,Doomkitty,0.08,0.22
179,sp_nukestripe_green_tec9,#PaintKit_sp_nukestripe_green_Tag,Nuclear Threat,0.0,1.0
180,cu_fireserpent_ak47_bravo,#PaintKit_cu_fireserpent_ak47_bravo_Tag,Fire Serpent,0.0,0.76
181,cu_favela_awp,#PaintKit_cu_favela_Tag,Corticera,0.0,0.3
182,cu_dragon_p90_bravo,#PaintKit_cu_dragon_p90_bravo_Tag,Emerald Dragon,0.0,0.52
183,hy_siege_bravo,#PaintKit_hy_siege_bravo_Tag,Overgrowth,0.0,1.0
184,cu_favela_p2000,#PaintKit_cu_favela_Tag,Corticera,0.0,0.3
185,am_scales_bravo,#PaintKit_am_scales_bravo_Tag,Golden Koi,0.0,0.12
186,sp_spray_waves_bravo,#PaintKit_sp_spray_waves_Tag,Wave Spray,0.0,1.0
187,sp_star_bravo,#PaintKit_sp_star_bravo_Tag,Zirka,0.0,0.42
188,aq_etched_mac10_bravo,#PaintKit_aq_etched_mac10_bravo_Tag,Graven,0.0,1.0
189,hy_ocean_bravo,#PaintKit_hy_ocean_Tag,Bright Water,0.1,0.22
190,cu_season_elites_bravo,#PaintKit_cu_season_elites_bravo_Tag,Black Limba,0.0,1.0
191,hy_seaside_bravo,#PaintKit_hy_seaside_bravo_Tag,Tempest,0.0,0.22
192,hy_crumple_bravo,#PaintKit_hy_crumple_bravo_Tag,Shattered,0.0,1.0
193,sp_skull_diagram_bravo,#PaintKit_sp_skull_diagram_bravo_Tag,Bone Pile,0.0,0.34
194,sp_spitfire_famas_bravo,#PaintKit_sp_spitfire_famas_Tag,Spitfire,0.0,1.0
195,hy_bluepolygon_bravo,#PaintKit_hy_bluepolygon_bravo_Tag,Demeter,0.0,1.0
196,an_emerald_bravo,#PaintKit_an_emerald_bravo_Tag,Emerald,0.0,0.08
197,an_navy_bravo,#PaintKit_an_navy_Tag,Anodized Navy,0.0,0.08
198,sp_hazard_bravo,#PaintKit_sp_hazard_Tag,Hazard,0.0,1.0
199,sp_tape_dots_bravo,#PaintKit_sp_tape_dots_Tag,Dry Season,0.0,1.0
200,hy_mayan_dreams_bravo,#PaintKit_hy_mayan_dreams_bravo_Tag,Mayan Dreams,0.0,1.0
201,sp_palm_bravo,#PaintKit_sp_palm_Tag,,0.0,1.0
202,hy_ddpat_jungle_bravo,#PaintKit_hy_ddpat_jungle_Tag,Jungle DDPAT,0.0,1.0
203,aq_steel_bravo,#PaintKit_aq_steel_bravo_Tag,Rust Coat,0.0,1.0
204,hy_ali_tile_bravo,#PaintKit_hy_ali_tile_bravo_Tag,Mosaico,0.0,1.0
205,so_jungle_bravo,#PaintKit_so_jungle_Tag,Jungle,0.0,1.0
206,so_tornado_bravo,#PaintKit_so_tornado_Tag,Tornado,0.0,1.0
207,hy_crumple_dark_bravo,#PaintKit_hy_crumple_dark_bravo_Tag,Facets,0.0,1.0
208,so_sand_bravo,#PaintKit_so_sand_Tag,Sand Dune,0.0,1.0
209,so_olive_bravo,#PaintKit_so_olive_Tag,Groundwater,0.0,1.0
210,an_gunmetal_bravo,#PaintKit_an_gunmetal_Tag,Anodized Gunmetal,0.0,0.08
211,am_ossify_blue_p2000_bravo,#PaintKit_am_ossify_blue_Tag,Ocean Foam,0.0,0.12
212,am_crumple_bravo,#PaintKit_am_crumple_Tag,Graphite,0.0,0.12
213,am_ossify_blue,#PaintKit_am_ossify_blue_Tag,Ocean Foam,0.0,0.08
214,am_crumple,#PaintKit_am_crumple_Tag,Graphite,0.0,0.12
215,cu_xray_m4,#PaintKit_cu_xray_m4_Tag,X-Ray,0.0,0.3
216,an_titanium30v,#PaintKit_an_titanium30v_Tag,Blue Titanium,0.0,0.04
217,hy_redtiger,#PaintKit_hy_redtiger_Tag,Blood Tiger,0.0,0.3
218,hy_bluehex,#PaintKit_hy_bluehex_Tag,Hexane,0.0,0.4
219,hy_redhex,#PaintKit_hy_redhex_Tag,Hive,0.0,0.3
220,am_ossify_red,#PaintKit_am_ossify_red_Tag,Hemoglobin,0.0,0.2
221,am_electric_red,#PaintKit_am_electric_red_Tag,Serum,0.0,0.25
222,cu_shark,#PaintKit_cu_shark_Tag,Blood in the Water,0.0,0.2
223,hy_flowers,#PaintKit_hy_flowers_Tag,Nightshade,0.0,0.5
224,hy_water_crest,#PaintKit_hy_water_crest_Tag,Water Sigil,0.0,0.5
225,sp_camo_wood_blue,#PaintKit_sp_camo_wood_blue_Tag,Ghost Camo,0.0,0.4
226,hy_ak47lam_blue,#PaintKit_hy_ak47lam_blue_Tag,Blue Laminate,0.02,0.4
227,hy_hive,#PaintKit_hy_hive_Tag,Electric Hive,0.0,0.4
228,hy_modspots,#PaintKit_hy_modspots_Tag,Blind Spot,0.0,0.5
229,sp_zebracam_blue,#PaintKit_sp_zebracam_blue_Tag,Azure Zebra,0.0,0.28
230,am_ddpatdense_silver,#PaintKit_am_ddpatdense_silver_Tag,Steel Disruption,0.0,0.2
231,am_ddpatdense_peacock,#PaintKit_am_ddpatdense_peacock_Tag,Cobalt Disruption,0.0,0.2
232,hy_webs_darker,#PaintKit_hy_webs_Tag,Crimson Web,0.0,1.0
233,sp_palm_shadow,#PaintKit_sp_palm_shadow_Tag,Tropical Storm,0.0,1.0
234,sp_twigs,#PaintKit_sp_twigs_Tag,Ash Wood,0.0,0.45
235,hy_varicamo,#PaintKit_hy_varicamo_Tag,VariCamo,0.0,0.6
236,hy_varicamo_night,#PaintKit_hy_varicamo_night_Tag,Night Ops,0.0,0.6
237,hy_varicamo_urban,#PaintKit_hy_varicamo_urban_Tag,Urban Rubble,0.0,0.5
238,hy_varicamo_blue,#PaintKit_hy_varicamo_blue_Tag,VariCamo Blue,0.0,0.5
239,sp_overpass_paint_pen_metal,#PaintKit_sp_overpass_paint_pen_metal_Tag,Metallic Squeezer,0.0,0.6
240,hy_varicamo_desert,#PaintKit_hy_varicamo_desert_Tag,CaliCamo,0.0,0.6
241,sp_mesh_slashes,#PaintKit_sp_mesh_slashes_Tag,Hunting Blind,0.0,0.6
242,sp_mesh_army,#PaintKit_sp_mesh_army_Tag,Army Mesh,0.0,0.6
243,sp_mesh_python,#PaintKit_sp_mesh_python_Tag,Gator Mesh,0.0,0.6
244,sp_mesh_hot_and_cold,#PaintKit_sp_mesh_hot_and_cold_Tag,Teardown,0.0,0.6
245,sp_spray_army,#PaintKit_sp_spray_army_Tag,,0.0,1.0
246,aa_fade_metallic,#PaintKit_aa_fade_metallic_Tag,Amber Fade,0.0,0.4
247,aq_damascus_sg553,#PaintKit_aq_damascus_Tag,Damascus Steel,0.0,1.0
248,am_crystallized,#PaintKit_am_crystallized_red_Tag,Red Quartz,0.0,0.4
249,am_crystallized_blue,#PaintKit_am_crystallized_blue_Tag,Cobalt Quartz,0.0,0.4
250,hy_varicamo_red,#PaintKit_hy_varicamo_red_Tag,Full Stop,0.0,0.6
251,hy_snakeskin,#PaintKit_hy_snakeskin_Tag,Pit Viper,0.08,0.5
252,am_crystallized_silver,#PaintKit_am_crystallized_silver_Tag,Silver Quartz,0.0,0.4
253,aa_fade_grassland,#PaintKit_aa_fade_grassland_Tag,Acid Fade,0.0,0.03
254,so_orange_accents,#PaintKit_so_orange_accents_Tag,Nitro,0.0,1.0
255,cu_m4_asimov,#PaintKit_cu_m4_asimov_tag,Asiimov,0.18,1.0
256,cu_sawedoff_octopump,#PaintKit_cu_sawedoff_octopump_tag,The Kraken,0.0,0.4
257,cu_m4a1-s_elegant,#PaintKit_cu_m4a1-s_elegant_Tag,Guardian,0.0,0.5
258,cu_p250_refined,#PaintKit_cu_p250_refined_Tag,Mehndi,0.0,1.0
259,cu_awp_cobra,#PaintKit_cu_awp_cobra_tag,Redline,0.1,0.4
260,cu_famas_pulse,#PaintKit_cu_famas_pulse_tag,Pulse,0.0,0.4
261,hy_marina_sunrise,#PaintKit_hy_marina_sunrise_tag,Marina,0.05,0.5
262,am_thorny_rose_mp9,#PaintKit_am_thorny_rose_mp9_tag,Rose Iron,0.0,0.3
263,cu_skull_nova,#PaintKit_cu_skull_nova_tag,Rising Skull,0.0,0.5
264,cu_sandstorm,#PaintKit_cu_sandstorm_tag,Sandstorm,0.1,0.6
265,hy_kami,#PaintKit_hy_kami_tag,Kami,0.0,0.3
266,aq_obsidian,#PaintKit_aq_obsidian_tag,Magma,0.0,0.7
267,am_turqoise_halftone,#PaintKit_am_turqoise_halftone_tag,Cobalt Halftone,0.05,0.45
268,am_diamond_plate,#PaintKit_am_diamond_plate_Tag,Tread Plate,0.0,0.2
269,am_fuschia,#PaintKit_am_fuschia_Tag,The Fuschia Is Now,0.0,0.4
270,aq_etched_cz75,#PaintKit_aq_etched_cz75_Tag,Victoria,0.0,0.75
271,am_p250_beaded_paint,#PaintKit_am_p250_beaded_paint_Tag,Undertow,0.0,0.2
272,am_fluted_tec9,#PaintKit_am_fluted_tec9_Tag,Titanium Bit,0.0,0.2
273,aq_engraved_deagle,#PaintKit_aq_engraved_deagle_Tag,Heirloom,0.0,0.8
274,am_copper_flecks,#PaintKit_am_copper_flecks_Tag,Copper Galaxy,0.0,0.2
275,hy_poly_camo,#PaintKit_hy_poly_camo_Tag,Red FragCam,0.0,0.7
276,so_panther,#PaintKit_so_panther_Tag,Panther,0.0,0.58
277,aq_usp_stainless,#PaintKit_aq_usp_stainless_Tag,Stainless,0.0,0.8
278,hy_craquelure,#PaintKit_hy_craquelure_Tag,Blue Fissure,0.06,0.58
279,cu_awp_asimov,#PaintKit_cu_m4_asimov_tag,Asiimov,0.18,1.0
280,cu_aug_chameleonaire,#PaintKit_cu_aug_chameleonaire_tag,Chameleon,0.0,0.5
281,cu_ump_corporal,#PaintKit_cu_ump_corporal_tag,Corporal,0.05,0.75
282,cu_ak47_cobra,#PaintKit_cu_awp_cobra_tag,Redline,0.1,0.7
283,cu_p90_trigon,#PaintKit_cu_p90_trigon_tag,Trigon,0.08,0.75
284,cu_mac10_redhot,#PaintKit_cu_mac10_redhot_tag,Heat,0.0,1.0
285,sp_negev_turq_terrain,#PaintKit_sp_negev_turq_terrain_tag,Terrain,0.0,0.45
286,cu_nova_antique,#PaintKit_cu_nova_antique_tag,Antique,0.0,0.3
287,cu_sg553_pulse,#PaintKit_cu_famas_pulse_tag,Pulse,0.1,0.6
288,an_famas_sgt,#PaintKit_an_famas_sgt_tag,Sergeant,0.1,1.0
289,cu_tec9_sandstorm,#PaintKit_cu_sandstorm_tag,Sandstorm,0.1,0.7
290,cu_usp_elegant,#PaintKit_cu_m4a1-s_elegant_Tag,Guardian,0.0,0.38
291,cu_mag7_heaven,#PaintKit_cu_mag7_heaven_tag,Heaven Guard,0.0,0.4
292,cu_overpass_dragon_zeus,#PaintKit_cu_overpass_dragon_zeus_Tag,Dragon Snore,0.0,0.8
293,hy_nerodia,#PaintKit_hy_nerodia_Tag,Death Rattle,0.08,0.5
294,so_green,#PaintKit_so_green_Tag,Green Apple,0.0,0.3
295,cu_money,#PaintKit_cu_money_Tag,Franklin,0.0,0.4
296,am_crystallized_dark,#PaintKit_am_crystallized_dark_Tag,Meteorite,0.0,0.18
297,so_orca,#PaintKit_so_orca_Tag,Tuxedo,0.0,0.8
298,am_army_shine,#PaintKit_am_army_shine_Tag,Army Sheen,0.0,0.3
299,am_oval_hex,#PaintKit_am_oval_hex_Tag,Caged Steel,0.0,0.2
300,cu_pinstripe_ak47,#PaintKit_cu_pinstripe_ak47_Tag,Emerald Pinstripe,0.0,1.0
301,am_m4a1-s_alloy_orange,#PaintKit_am_alloy_orange_Tag,Atomic Alloy,0.0,0.9
302,cu_ak47_rubber,#PaintKit_cu_rubber_ak47_Tag,Vulcan,0.0,0.9
303,cu_tec9_asiimov,#PaintKit_cu_tec_isaac_tag,Isaac,0.0,1.0
304,cu_ssg08_immortal,#PaintKit_cu_immortal_ssg08_Tag,Slashed,0.15,0.8
305,cu_aug_progressiv,#PaintKit_cu_progressiv_aug_Tag,Torque,0.0,0.5
306,cu_bizon_antique,#PaintKit_cu_nova_antique_tag,Antique,0.0,0.5
307,cu_retribution,#PaintKit_cu_retribution_beretta_Tag,Retribution,0.0,0.45
308,hy_galil_kami,#PaintKit_hy_kami_tag,Kami,0.0,0.6
309,cu_m4a1_howling,#PaintKit_cu_howling_tag,Howl,0.0,0.4
310,cu_mac10_decay,#PaintKit_cu_decay_mac10_tag,Curse,0.0,0.5
311,cu_p90_scorpius,#PaintKit_cu_scorpius_p90_tag,Desert Warfare,0.0,0.5
312,cu_scar_cyrex,#PaintKit_cu_cyrex_tag,Cyrex,0.0,0.5
313,cu_usp_spitfire,#PaintKit_cu_spitfire_tag,Orion,0.0,0.5
314,cu_xm1014_heaven_guard,#PaintKit_cu_mag7_heaven_tag,Heaven Guard,0.03,0.5
315,am_nitrogen,#PaintKit_am_nitrogen_tag,Poison Dart,0.0,0.7
316,cu_panther_ak47,#PaintKit_cu_panther_ak47_Tag,Jaguar,0.0,1.0
317,cu_bratatat_negev,#PaintKit_cu_bratatat_negev_Tag,Bratatat,0.0,1.0
318,cu_usp_sandpapered,#PaintKit_cu_usp_sandpapered_Tag,Road Rash,0.0,1.0
319,hy_ssg08_marker,#PaintKit_hy_ssg08_marker_Tag,Detour,0.0,0.43
320,hy_snakeskin_red,#PaintKit_hy_snakeskin_red_Tag,Red Python,0.08,0.5
321,cu_m4a1-s_silence,#PaintKit_cu_m4a1-s_silence_Tag,Master Piece,0.0,1.0
322,so_orange_accents2,#PaintKit_so_orange_accents_Tag,Nitro,0.06,0.8
323,aq_steel,#PaintKit_aq_steel_bravo_Tag,Rust Coat,0.0,1.0
324,gs_ripple_nova,#PaintKit_gs_ripple_nova_Tag,Yorkshire,0.0,1.0
325,am_royal,#PaintKit_am_royal_Tag,Chalice,0.0,0.1
326,am_metals,#PaintKit_am_metals_Tag,Knight,0.0,0.1
327,am_chainmail,#PaintKit_am_chainmail_Tag,Chainmail,0.0,0.22
328,aq_handcannon,#PaintKit_aq_handcannon_Tag,Hand Cannon,0.01,0.7
329,am_metal_inlay,#PaintKit_am_metal_inlay_Tag,Dark Age,0.0,0.22
330,hy_vines,#PaintKit_hy_vines_Tag,Briar,0.0,0.22
331,gs_arctic_mp9,#PaintKit_gs_arctic_mp9_Tag,Arctic Tri-Tone,0.0,0.6
332,hy_indigo_usp,#PaintKit_so_indigo_Tag,Royal Blue,0.06,0.8
333,so_indigo_and_grey,#PaintKit_so_indigo_and_grey_Tag,Indigo,0.06,0.8
334,am_gyrate,#PaintKit_am_gyrate_tag,Twist,0.0,1.0
335,an_royalbleed,#PaintKit_an_royalbleed_tag,Module,0.0,0.35
336,cu_titanstorm,#PaintKit_cu_titanstorm_tag,Desert-Strike,0.0,0.7
337,cu_korupt,#PaintKit_cu_korupt_tag,Tatter,0.0,0.5
338,cu_p2000_pulse,#PaintKit_cu_famas_pulse_tag,Pulse,0.0,0.6
339,cu_kaiman,#PaintKit_cu_kaiman_tag,Caiman,0.0,0.4
340,cu_well_traveled_ak47,#PaintKit_cu_well_traveled_ak47_Tag,Jet Set,0.0,1.0
341,cu_green_leather_ak47,#PaintKit_cu_green_leather_Tag,First Class,0.0,1.0
342,cu_brown_leather_p90,#PaintKit_cu_brown_leather_p90_Tag,Leather,0.0,1.0
343,cu_luggage_mac10,#PaintKit_cu_luggage_mac10_Tag,Commuter,0.0,1.0
344,cu_medieval_dragon_awp,#PaintKit_cu_medieval_dragon_awp_Tag,Dragon Lore,0.0,0.7
345,cu_green_leather_sawedoff,#PaintKit_cu_green_leather_Tag,First Class,0.0,0.5
346,cu_luggage_p2000,#PaintKit_cu_luggage_p2000_Tag,Coach Class,0.0,1.0
347,aq_pilot_deagle,#PaintKit_aq_pilot_deagle_Tag,Pilot,0.0,1.0
348,cu_leather_xm1014,#PaintKit_cu_leather_xm1014_Tag,Red Leather,0.0,0.56
349,cu_bizon-osiris,#PaintKit_cu_bizon-osiris_tag,Osiris,0.0,0.5
350,cu_c75a-tiger,#PaintKit_cu_c75a-tiger_tag,Tigris,0.0,1.0
351,cu_deagle_aureus,#PaintKit_cu_deagle_aureus_tag,Conspiracy,0.0,0.3
352,aq_57_feathers,#PaintKit_aq_57_feathers_tag,Fowl Play,0.0,1.0
353,cu_glock-liquescent,#PaintKit_cu_glock-liquescent_tag,Water Elemental,0.0,0.7
354,cu_mp7-commander,#PaintKit_cu_mp7-commander_tag,Urban Hazard,0.0,0.5
355,cu_negev_titanstorm,#PaintKit_cu_titanstorm_tag,Desert-Strike,0.0,0.5
356,cu_nova_koi,#PaintKit_cu_nova_koi_tag,Koi,0.0,0.3
357,cu_p2000_ivory,#PaintKit_cu_p2000_ivory_tag,Ivory,0.0,1.0
358,cu_bittersweet,#PaintKit_cu_bittersweet_tag,Supernova,0.0,0.4
359,cu_p90-asiimov,#PaintKit_cu_m4_asimov_tag,Asiimov,0.0,0.92
360,cu_m4a1s_cyrex,#PaintKit_cu_cyrex_tag,Cyrex,0.0,0.5
361,aq_leviathan,#PaintKit_aq_leviathan_tag,Abyss,0.0,1.0
362,hy_lines_orange,#PaintKit_hy_lines_orange_tag,Labyrinth,0.0,0.4
363,cu_luggage_sg553,#PaintKit_cu_luggage_sg553_Tag,Traveler,0.0,1.0
364,cu_luggage_usp-s,#PaintKit_cu_luggage_usp-s_Tag,Business Class,0.0,1.0
365,hy_plaid1,#PaintKit_hy_plaid1_Tag,Olive Plaid,0.0,0.58
366,hy_plaid2,#PaintKit_chy_plaid2_Tag,Green Plaid,0.0,0.58
367,am_nuclear_pattern1_glock,#PaintKit_am_nuclear_pattern1_glock_Tag,Reactor,0.0,1.0
368,hy_nuclear_pattern2_mp9,#PaintKit_hy_nuclear_pattern2_mp9_Tag,Setting Sun,0.0,1.0
369,sp_nuclear_pattern3_negev,#PaintKit_sp_nuclear_pattern3_negev_Tag,Nuclear Waste,0.0,0.4
370,am_nuclear_skulls1_xm1014,#PaintKit_am_nuclear_skulls1_xm1014_Tag,Bone Machine,0.0,0.6
371,am_nuclear_skulls2_famas,#PaintKit_am_nuclear_skulls2_famas_Tag,Styx,0.0,0.6
372,am_nuclear_skulls3_mac10,#PaintKit_am_nuclear_skulls3_mac10_Tag,Nuclear Garden,0.0,0.7
373,hy_nuclear_skulls4_p250,#PaintKit_hy_nuclear_skulls4_p250_Tag,Contamination,0.0,0.83
374,hy_nuclear_skulls5_tec9,#PaintKit_hy_nuclear_skulls5_tec9_Tag,Toxic,0.0,0.7
375,sp_nukestripe_orange_aug,#PaintKit_sp_nukestripe_orange_Tag,Radiation Hazard,0.0,0.55
376,so_grey_nuclear_green_bizon,#PaintKit_so_grey_nuclear_green_bizon_Tag,Chemical Green,0.0,0.9
377,so_grey_nuclear_orange_five_seven,#PaintKit_so_grey_nuclear_orange_five_seven_Tag,Hot Shot,0.0,1.0
378,sp_nukestripe_maroon_sg553,#PaintKit_sp_nukestripe_maroon_Tag,Fallout Warning,0.0,0.8
379,cu_cerbrus_galil,#PaintKit_cu_cerbrus_galil_Tag,Cerberus,0.0,0.9
380,cu_tribute_ak47,#PaintKit_cu_tribute_ak47_Tag,Wasteland Rebel,0.05,0.7
381,aq_glock_coiled,#PaintKit_aq_glock_coiled_Tag,Grinder,0.02,0.25
382,am_g3sg1_murky,#PaintKit_am_g3sg1_murky_Tag,Murky,0.0,0.25
383,aq_m4a1s_basilisk,#PaintKit_aq_m4a1s_basilisk_Tag,Basilisk,0.0,0.68
384,cu_m4a4_griffin,#PaintKit_cu_m4a4_griffin_Tag,Griffin,0.0,0.8
385,sp_mag7_firebitten,#PaintKit_sp_mag7_firebitten_Tag,Firestarter,0.06,0.49
386,cu_mp9_chevron,#PaintKit_cu_mp9_chevron_Tag,Dart,0.0,0.46
387,cu_fiveseven_urban_hazard,#PaintKit_cu_mp7-commander_tag,Urban Hazard,0.0,0.25
388,aq_p250_cartel,#PaintKit_aq_p250_cartel_Tag,Cartel,0.0,0.75
389,cu_p2000_fire_elemental,#PaintKit_cu_p2000_fire_elemental_Tag,Fire Elemental,0.0,0.6
390,aq_sawedoff_blackgold,#PaintKit_aq_sawedoff_blackgold_Tag,Highwayman,0.0,1.0
391,cu_scar20_intervention,#PaintKit_cu_scar20_intervention_Tag,Cardiac,0.0,1.0
392,sp_ump45_d-visions,#PaintKit_sp_ump45_d-visions_Tag,Delusion,0.06,0.35
393,cu_xm1014_caritas,#PaintKit_cu_xm1014_caritas_Tag,Tranquility,0.0,0.5
394,aq_ak47_cartel,#PaintKit_aq_p250_cartel_Tag,Cartel,0.0,0.75
395,am_awp_glory,#PaintKit_am_awp_glory_Tag,Man-o'-war,0.1,0.2
396,cu_elites_urbanstorm,#PaintKit_cu_elites_urbanstorm_Tag,Urban Shock,0.0,0.47
397,aq_deagle_naga,#PaintKit_aq_deagle_naga_Tag,Naga,0.0,1.0
398,cu_galil_abrasion,#PaintKit_cu_galil_abrasion_Tag,Chatterbox,0.35,0.85
399,cu_glock_deathtoll,#PaintKit_cu_glock_deathtoll_Tag,Catacombs,0.0,0.5
400,cu_m4a4_ancestral,#PaintKit_cu_m4a4_ancestral_Tag,龍王 (Dragon King),0.0,0.75
401,cu_m249_sektor,#PaintKit_cu_m249_sektor_Tag,System Lock,0.0,0.8
402,am_mac10_malachite,#PaintKit_am_mac10_malachite_Tag,Malachite,0.0,0.5
403,cu_mp9_deadly_poison,#PaintKit_cu_mp9_deadly_poison_Tag,Deadly Poison,0.0,1.0
404,cu_p250_mandala,#PaintKit_cu_p250_mandala_Tag,Muertos,0.0,0.6
405,cu_sawedoff_deva,#PaintKit_cu_sawedoff_deva_Tag,Serenity,0.0,0.5
406,aq_scar20_leak,#PaintKit_aq_scar20_leak_Tag,Grotto,0.0,0.5
407,aq_xm1014_sigla,#PaintKit_aq_xm1014_sigla_Tag,Quicksilver,0.0,0.5
409,an_tiger_orange,#PaintKit_an_tiger_orange_Tag,Tiger Tooth,0.0,0.08
410,aq_damascus,#PaintKit_aq_damascus_Tag,Damascus Steel,0.0,0.5
411,aq_damascus_90,#PaintKit_aq_damascus_Tag,Damascus Steel,0.0,0.5
412,gsch_sport_ump45,#PaintKit_gsch_sport_ump45_Tag,Crimson Foil,0.0,0.68
413,am_marble_fade,#PaintKit_am_marble_fade_Tag,Marble Fade,0.0,0.08
414,aq_steel_knife,#PaintKit_aq_steel_bravo_Tag,Rust Coat,0.4,1.0
415,am_ruby_marbleized,#PaintKit_am_marbleized_Tag,Doppler,0.0,0.08
416,am_sapphire_marbleized,#PaintKit_am_marbleized_Tag,Doppler,0.0,0.08
417,am_blackpearl_marbleized,#PaintKit_am_marbleized_Tag,Doppler,0.0,0.08
418,am_doppler_phase1,#PaintKit_am_marbleized_Tag,Doppler,0.0,0.08
419,am_doppler_phase2,#PaintKit_am_marbleized_Tag,Doppler,0.0,0.08
420,am_doppler_phase3,#PaintKit_am_marbleized_Tag,Doppler,0.0,0.08
421,am_doppler_phase4,#PaintKit_am_marbleized_Tag,Doppler,0.0,0.08
422,cu_ak47_mastery,#PaintKit_cu_ak47_mastery_Tag,Elite Build,0.0,1.0
423,aq_mp7_ultramodern,#PaintKit_aq_mp7_ultramodern_Tag,Armor Core,0.0,0.5
424,aq_awp_twine,#PaintKit_aq_awp_twine_Tag,Worm God,0.0,0.45
425,am_bronze_sparkle,#PaintKit_am_bronze_sparkle_Tag,Bronze Deco,0.0,0.46
426,aq_p250_contour,#PaintKit_aq_p250_contour_Tag,Valence,0.0,0.8
427,cu_fiveseven_banana,#PaintKit_cu_fiveseven_banana_Tag,Monkey Business,0.1,0.9
428,cu_galil_eco,#PaintKit_cu_galil_eco_Tag,Eco,0.1,0.85
429,aq_famas_jinn,#PaintKit_aq_famas_jinn_Tag,Djinn,0.0,1.0
430,cu_m4a1_hyper_beast,#PaintKit_cu_m4a1_hyper_beast_Tag,Hyper Beast,0.0,1.0
431,cu_mag7_redhot,#PaintKit_cu_mac10_redhot_tag,Heat,0.0,1.0
432,am_negev_glory,#PaintKit_am_awp_glory_Tag,Man-o'-war,0.1,0.2
433,cu_mac10_neonrider,#PaintKit_cu_mac10_neonrider_Tag,Neon Rider,0.0,0.45
434,cu_sawedoff_origami,#PaintKit_cu_sawedoff_origami_Tag,Origami,0.0,0.55
435,cu_cz75_precision,#PaintKit_cu_cz75_precision_Tag,Pole Position,0.0,0.7
436,am_ump_racer,#PaintKit_am_ump_racer_Tag,Grand Prix,0.25,0.35
437,am_aqua_flecks,#PaintKit_am_aqua_flecks_Tag,Twilight Galaxy,0.0,0.2
438,cu_chronos_g3sg1,#PaintKit_cu_chronos_g3sg1_Tag,Chronos,0.0,0.4
439,hy_hades,#PaintKit_hy_hades_Tag,Hades,0.0,1.0
440,hy_icarus,#PaintKit_hy_icarus_Tag,Icarus Fell,0.0,0.1
441,cu_labyrinth,#PaintKit_cu_labyrinth_Tag,Minotaur's Labyrinth,0.0,0.39
442,sp_labyrinth,#PaintKit_sp_labyrinth1_Tag,Asterion,0.0,0.55
443,sp_labyrinth2,#PaintKit_sp_labyrinth2_Tag,Pathfinder,0.0,0.35
444,sp_labyrinth3,#PaintKit_sp_labyrinth3_Tag,Daedalus,0.0,0.55
445,an_red_m4a1s,#PaintKit_an_red_Tag,Hot Rod,0.0,0.08
446,cu_medusa_awp,#PaintKit_cu_medusa_awp_Tag,Medusa,0.0,1.0
447,gs_mother_of_pearl_elite,#PaintKit_gs_mother_of_pearl_elite_Tag,Duelist,0.0,1.0
448,aa_pandora,#PaintKit_aa_pandora_Tag,Pandora's Box,0.0,0.3
449,cu_poseidon,#PaintKit_cu_poseidon_Tag,Poseidon,0.0,0.33
450,hy_zodiac1,#PaintKit_hy_zodiac1_Tag,Moon in Libra,0.0,0.5
451,hy_zodiac2,#PaintKit_hy_zodiac2_Tag,Sun in Leo,0.0,0.5
452,hy_zodiac3,#PaintKit_hy_zodiac3_Tag,Shipping Forecast,0.0,0.5
453,an_emerald,#PaintKit_an_emerald_bravo_Tag,Emerald,0.0,0.08
454,so_khaki_green,#PaintKit_so_khaki_green_Tag,Para Green,0.0,0.8
455,cu_anime_aug,#PaintKit_cu_anime_aug_Tag,Akihabara Accept,0.0,1.0
456,am_bamboo_jungle,#PaintKit_am_bamboo_jungle_Tag,Hydroponic,0.0,0.8
457,hy_bamboo_jungle_ink,#PaintKit_hy_bamboo_jungle_ink_Tag,Bamboo Print,0.0,0.8
458,hy_bamboo_jungle_black,#PaintKit_hy_bamboo_jungle_black_Tag,Bamboo Shadow,0.0,0.6
459,hy_bamboo_jungle,#PaintKit_hy_bamboo_jungle_Tag,Bamboo Forest,0.0,0.6
460,am_geometric_steps,#PaintKit_am_geometric_steps_Tag,Aqua Terrace,0.0,0.7
461,gs_gamebred_famas,#PaintKit_gs_gamebred_famas_Tag,Half Sleeve,0.0,1.0
462,hy_geometric_steps_green,#PaintKit_hy_geometric_steps_green_Tag,Counter Terrace,0.0,0.65
463,hy_geometric_steps_yellow,#PaintKit_hy_geometric_steps_yellow_Tag,Terrace,0.0,1.0
464,hy_kimono_diamonds,#PaintKit_hy_kimono_diamonds_Tag,Neon Kimono,0.0,0.8
465,hy_kimono_diamonds_orange,#PaintKit_hy_kimono_diamonds_orange_Tag,Orange Kimono,0.0,0.8
466,hy_kimono_diamonds_red,#PaintKit_hy_kimono_diamonds_red_Tag,Crimson Kimono,0.0,0.8
467,sp_kimono_diamonds,#PaintKit_sp_kimono_diamonds_Tag,Mint Kimono,0.0,0.8
468,am_seastorm,#PaintKit_am_seastorm_Tag,Midnight Storm,0.0,0.75
469,am_seastorm_blood,#PaintKit_am_seastorm_blood_Tag,Sunset Storm 壱,0.0,0.75
470,am_seastorm_shojo,#PaintKit_am_seastorm_shojo_Tag,Sunset Storm 弐,0.0,0.75
471,am_kimono_sunrise,#PaintKit_am_kimono_sunrise_Tag,Daybreak,0.0,0.6
472,so_keycolors,#PaintKit_am_so_keycolors_Tag,Impact Drill,0.0,1.0
473,so_aqua,#PaintKit_so_aqua_Tag,Seabird,0.0,1.0
474,cu_ak47_courage_alt,#PaintKit_cu_ak47_courage_alt_Tag,Aquamarine Revenge,0.0,1.0
475,cu_awp_hyper_beast,#PaintKit_cu_m4a1_hyper_beast_Tag,Hyper Beast,0.0,1.0
476,cu_cz75a_chastizer,#PaintKit_cu_cz75a_chastizer_Tag,Yellow Jacket,0.0,1.0
477,am_famas_dots,#PaintKit_am_famas_dots_Tag,Neural Net,0.0,0.6
478,cu_galilar_particles,#PaintKit_cu_galilar_particles_Tag,Rocket Pop,0.0,1.0
479,aq_glock18_flames_blue,#PaintKit_aq_glock18_flames_blue_Tag,Bunsen Burner,0.0,0.8
480,cu_m4a4_evil_daimyo,#PaintKit_cu_m4a4_evil_daimyo_Tag,Evil Daimyo,0.0,0.52
481,cu_mp7_nemsis,#PaintKit_cu_mp7_nemsis_Tag,Nemesis,0.0,0.32
482,am_mp9_nitrogen,#PaintKit_am_mp9_nitrogen_Tag,Ruby Poison Dart,0.0,0.5
483,cu_negev_annihilator,#PaintKit_cu_negev_annihilator_Tag,Loudmouth,0.14,0.65
484,cu_nova_ranger,#PaintKit_cu_nova_ranger_Tag,Ranger,0.0,1.0
485,aq_p2000_boom,#PaintKit_aq_p2000_boom_Tag,Handgun,0.0,1.0
486,cu_p90_mastery,#PaintKit_cu_ak47_mastery_Tag,Elite Build,0.0,1.0
487,cu_sg553_cyrex,#PaintKit_cu_cyrex_tag,Cyrex,0.0,1.0
488,cu_ump45_uproar,#PaintKit_cu_ump45_uproar_Tag,Riot,0.0,0.7
489,cu_usp_progressiv,#PaintKit_cu_usp_progressiv_Tag,Torque,0.0,0.46
490,cu_ak47_winter_sport,#PaintKit_cu_ak47_winter_sport_Tag,Frontside Misty,0.02,0.87
491,cu_dualberretta_dragons,#PaintKit_cu_dualberretta_dragons_Tag,Dualing Dragons,0.0,1.0
492,cu_famas_lenta,#PaintKit_cu_famas_lenta_Tag,Survivor Z,0.0,0.6
493,gs_g3sg1_flux_purple,#PaintKit_gs_g3sg1_flux_purple_Tag,Flux,0.0,0.9
494,gs_galil_nightwing,#PaintKit_gs_galil_nightwing_Tag,Stone Cold,0.0,0.9
495,gs_glock18_wrathys,#PaintKit_gs_glock18_wrathys_Tag,Wraiths,0.0,0.8
496,gs_m249_nebula_crusader,#PaintKit_gs_m249_nebula_crusader_Tag,Nebula Crusader,0.0,1.0
497,gs_m4a1s_snakebite_gold,#PaintKit_gs_m4a1s_snakebite_gold_Tag,Golden Coil,0.0,1.0
498,cu_mac10_alekhya_duo,#PaintKit_cu_mac10_alekhya_duo_Tag,Rangeen,0.0,0.5
499,cu_mag7_myrcene,#PaintKit_cu_mag7_myrcene_Tag,Cobalt Core,0.0,0.5
500,cu_mp7_classified,#PaintKit_cu_mp7_classified_Tag,Special Delivery,0.0,0.62
501,hy_p250_crackshot,#PaintKit_hy_p250_crackshot_Tag,Wingshot,0.0,0.9
502,gs_scar20_peacemaker03,#PaintKit_gs_scar20_peacemaker03_Tag,Green Marine,0.0,0.8
503,cu_ssg08_technicality,#PaintKit_cu_ssg08_technicality_Tag,Big Iron,0.0,0.64
504,cu_usp_kill_confirmed,#PaintKit_cu_usp_kill_confirmed_Tag,Kill Confirmed,0.0,1.0
505,aq_xm1014_scumbria,#PaintKit_aq_xm1014_scumbria_Tag,Scumbria,0.0,1.0
506,cu_ak47_point_disarray,#PaintKit_cu_ak47_point_disarray_Tag,Point Disarray,0.0,0.67
507,am_aug_jumble,#PaintKit_am_aug_jumble_Tag,Ricochet,0.0,0.8
508,cu_bizon_noxious,#PaintKit_cu_bizon_noxious_Tag,Fuel Rod,0.0,1.0
509,aq_deagle_corinthian,#PaintKit_aq_deagle_corinthian_Tag,Corinthian,0.0,0.44
510,cu_fiveseven_retrobution,#PaintKit_cu_fiveseven_retrobution_Tag,Retrobution,0.0,1.0
511,cu_g3sg1_executioner,#PaintKit_cu_g3sg1_executioner_Tag,The Executioner,0.14,0.85
512,gs_m4a4_royal_squire,#PaintKit_gs_m4a4_royal_squire_Tag,Royal Paladin,0.0,0.8
513,gsch_zeno_ssg08,#PaintKit_gsch_zeno_ssg08_Tag,Zeno,0.0,0.7
514,cu_negev_impact,#PaintKit_cu_negev_impact_Tag,Power Loader,0.0,1.0
515,am_p2000_imperial_red,#PaintKit_am_p2000_imperial_red_Tag,Imperial,0.0,0.2
516,cu_p90_shapewood,#PaintKit_cu_p90_shapewood_Tag,Shapewood,0.0,1.0
517,gs_sawedoff_necromancer,#PaintKit_gs_sawedoff_necromancer_Tag,Yorick,0.0,1.0
518,hy_scar20_jungler,#PaintKit_hy_scar20_jungler_Tag,Outbreak,0.0,0.5
519,gs_sg553_tiger_moth,#PaintKit_gs_sg553_tiger_moth_Tag,Tiger Moth,0.0,1.0
520,cu_tec9_avalanche,#PaintKit_cu_tec9_avalanche_Tag,Avalanche,0.0,1.0
521,aq_xm1014_hot_rod,#PaintKit_aq_xm1014_hot_rod_Tag,Teclu Burner,0.0,0.65
522,aa_fade_revolver,#PaintKit_aa_fade_Tag,Fade,0.0,0.4
523,aa_fade_metallic_revolver,#PaintKit_aa_fade_metallic_Tag,Amber Fade,0.0,0.4
524,gs_ak47_supercharged,#PaintKit_gs_ak47_supercharged_Tag,Fuel Injector,0.0,1.0
525,cu_awp_mastery,#PaintKit_cu_ak47_mastery_Tag,Elite Build,0.0,1.0
526,cu_bizon_citizen,#PaintKit_cu_bizon_citizen_Tag,Photic Zone,0.0,1.0
527,aq_deserteagle_kumichodragon,#PaintKit_aq_deserteagle_kumichodragon_Tag,Kumicho Dragon,0.0,0.76
528,aq_dualberettas_cartel,#PaintKit_aq_p250_cartel_Tag,Cartel,0.0,1.0
529,aq_famas_contour,#PaintKit_aq_p250_contour_Tag,Valence,0.0,0.8
530,cu_fiveseven_augmented,#PaintKit_cu_fiveseven_augmented_Tag,Triumvirate,0.0,0.61
532,gs_glock18_award,#PaintKit_gs_glock18_award_Tag,Royal Legion,0.0,1.0
533,gs_m4a4_pioneer,#PaintKit_gs_m4a4_pioneer_Tag,The Battlestar,0.0,0.64
534,am_mac10_electricity,#PaintKit_am_mac10_electricity_Tag,Lapis Gator,0.0,0.5
535,gs_mag7_praetorian,#PaintKit_gs_mag7_praetorian_Tag,Praetorian,0.0,0.45
536,sp_mp7_impire,#PaintKit_sp_mp7_impire_Tag,Impire,0.0,0.4
537,cu_nova_hyperbeast,#PaintKit_cu_m4a1_hyper_beast_Tag,Hyper Beast,0.0,0.6
538,cu_ssg08_necropos,#PaintKit_cu_ssg08_necropos_Tag,Necropos,0.0,1.0
539,gs_tec9_jambiya,#PaintKit_gs_tec9_jambiya_Tag,Jambiya,0.0,1.0
540,gs_usp_voltage,#PaintKit_gs_usp_voltage_Tag,Lead Conduit,0.0,1.0
541,cu_aug_swallows,#PaintKit_cu_aug_swallows_Tag,Fleet Flock,0.0,1.0
542,cu_bizon_Curse,#PaintKit_cu_bizon_Curse_Tag,Judgement of Anubis,0.0,0.5
543,gs_cz75a_redastor,#PaintKit_gs_cz75a_redastor_Tag,Red Astor,0.0,1.0
544,gs_dualberettas_ventilators,#PaintKit_gs_dualberettas_ventilators_Tag,Ventilators,0.0,0.45
545,sp_g3sg1_militiaorange,#PaintKit_sp_g3sg1_militiaorange_Tag,Orange Crash,0.0,0.52
546,gs_galilar_incenerator,#PaintKit_gs_galilar_incenerator_Tag,Firefight,0.0,1.0
547,cu_m249_spectre,#PaintKit_cu_m249_spectre_Tag,Spectre,0.0,0.5
548,cu_m4a1s_soultaker,#PaintKit_cu_m4a1s_soultaker_Tag,Chantico's Fire,0.0,0.99
549,am_mp9_bioleak,#PaintKit_am_mp9_bioleak_Tag,Bioleak,0.0,0.5
550,hy_p2000_oceani,#PaintKit_hy_p2000_oceani_Tag,Oceanic,0.0,0.6
551,cu_p250_asiimov,#PaintKit_cu_p250_asiimov_Tag,Asiimov,0.1,1.0
552,gs_sawedoff_fubar,#PaintKit_gs_sawedoff_fubar_Tag,Fubar,0.4,1.0
553,cu_sg553_atlas,#PaintKit_cu_sg553_atlas_Tag,Atlas,0.0,0.81
554,gs_ssg08_armacore,#PaintKit_gs_ssg08_armacore_Tag,Ghost Crusader,0.0,1.0
555,am_tec9_redblast,#PaintKit_am_tec9_redblast_Tag,Re-Entry,0.0,0.43
556,cu_ump45_primalsaber,#PaintKit_cu_ump45_primalsaber_Tag,Primal Saber,0.0,0.77
557,cu_xm1014_spectrum,#PaintKit_cu_xm1014_spectrum_Tag,Black Tie,0.0,0.75
558,cu_bayonet_lore,#Paintkit_cu_lore_Tag,Lore,0.0,0.65
559,cu_flip_lore,#Paintkit_cu_lore_Tag,Lore,0.0,0.65
560,cu_gut_lore,#Paintkit_cu_lore_Tag,Lore,0.0,0.65
561,cu_karam_lore,#Paintkit_cu_lore_Tag,Lore,0.0,0.65
562,cu_m9_bay_lore,#Paintkit_cu_lore_Tag,Lore,0.0,0.65
563,cu_bayonet_stonewash,#Paintkit_cu_stonewash_Tag,Black Laminate,0.0,1.0
564,cu_flip_stonewash,#Paintkit_cu_stonewash_Tag,Black Laminate,0.0,1.0
565,cu_gut_stonewash,#Paintkit_cu_stonewash_Tag,Black Laminate,0.0,1.0
566,cu_karam_stonewash,#Paintkit_cu_stonewash_Tag,Black Laminate,0.0,1.0
567,cu_m9_bay_stonewash,#Paintkit_cu_stonewash_Tag,Black Laminate,0.0,1.0
568,am_emerald_marbleized,#PaintKit_am_marbleized_g_Tag,Gamma Doppler,0.0,0.08
569,am_gamma_doppler_phase1,#PaintKit_am_marbleized_g_Tag,Gamma Doppler,0.0,0.08
570,am_gamma_doppler_phase2,#PaintKit_am_marbleized_g_Tag,Gamma Doppler,0.0,0.08
571,am_gamma_doppler_phase3,#PaintKit_am_marbleized_g_Tag,Gamma Doppler,0.0,0.08
572,am_gamma_doppler_phase4,#PaintKit_am_marbleized_g_Tag,Gamma Doppler,0.0,0.08
573,gs_bayonet_autotronic,#PaintKit_gs_autotronic_Tag,Autotronic,0.0,0.85
574,gs_flip_autotronic,#PaintKit_gs_autotronic_Tag,Autotronic,0.0,0.85
575,gs_gut_autotronic,#PaintKit_gs_autotronic_Tag,Autotronic,0.0,0.85
576,gs_karam_autotronic,#PaintKit_gs_autotronic_Tag,Autotronic,0.0,0.85
577,gs_m9_bay_autotronic,#PaintKit_gs_autotronic_Tag,Autotronic,0.0,0.85
578,hy_ocean_knife,#PaintKit_hy_ocean_Tag,Bright Water,0.0,0.5
579,hy_ocean_knife_90,#PaintKit_hy_ocean_Tag,Bright Water,0.0,0.5
580,am_marked_up,#PaintKit_am_marked_up_Tag,Freehand,0.0,0.48
581,am_marked_up_90,#PaintKit_am_marked_up_Tag,Freehand,0.0,0.48
582,am_marked_up_fine,#PaintKit_am_marked_up_Tag,Freehand,0.0,0.48
583,gs_aug_aristocrat,#PaintKit_gs_aug_aristocrat_Tag,Aristocrat,0.0,0.66
584,gs_awp_phobos,#PaintKit_gs_awp_phobos_Tag,Phobos,0.0,0.4
585,cu_five_seven_daimyo,#PaintKit_cu_five_seven_daimyo_Tag,Violent Daimyo,0.0,0.7
586,cu_glock_wasteland_rebel,#PaintKit_cu_glock_wasteland_rebel_Tag,Wasteland Rebel,0.0,0.54
587,gs_m4a1_mecha_industries,#PaintKit_gs_m4a1_mecha_industries_Tag,Mecha Industries,0.0,0.8
588,cu_m4a4_desolate_space,#PaintKit_cu_m4a4_desolate_space_Tag,Desolate Space,0.0,1.0
589,aq_mac_10_alien_camo,#PaintKit_aq_mac_10_alien_camo_Tag,Carnivore,0.0,1.0
590,aq_nova_sci_fi,#PaintKit_aq_nova_sci_fi_Tag,Exo,0.0,0.5
591,gs_p2000_imperial_dragon,#PaintKit_gs_p2000_imperial_dragon_Tag,Imperial Dragon,0.0,0.63
592,gs_p250_metal_panels,#PaintKit_gs_p250_metal_panels_Tag,Iron Clad,0.05,0.8
593,gs_p90_full_throttle,#PaintKit_gs_p90_full_throttle_Tag,Chopper,0.0,0.6
594,gs_pp_bizon_harvester,#PaintKit_gs_pp_bizon_harvester_Tag,Harvester,0.0,1.0
595,cu_r8_cybersport,#PaintKit_cu_r8_cybersport_Tag,Reboot,0.0,1.0
596,cu_sawed_off_lime,#PaintKit_cu_sawed_off_lime_Tag,Limelight,0.0,1.0
597,gs_scar20_bloodsport,#PaintKit_gs_scar20_bloodsport_Tag,Bloodsport,0.0,0.45
598,cu_sg553_aerial,#PaintKit_cu_sg553_aerial_Tag,Aerial,0.0,0.6
599,am_tec_9_sea_salt,#PaintKit_am_tec_9_sea_salt_Tag,Ice Cap,0.0,0.5
600,cu_ak47_anarchy,#PaintKit_cu_AK47_Anarchy_Tag,Neon Revolution,0.0,0.8
601,gs_aug_syd_mead,#PaintKit_gs_AUG_Syd_Mead_Tag,Syd Mead,0.0,0.8
602,gs_cz75_tread,#PaintKit_gs_CZ75_Tread_Tag,Imprint,0.0,1.0
603,aq_desert_eagle_constable,#PaintKit_aq_Desert_Eagle_Constable_Tag,Directive,0.06,1.0
604,gs_famas_rally,#PaintKit_gs_FAMAS_Rally_Tag,Roll Cage,0.0,1.0
605,aq_five_seven_scumbria,#PaintKit_aq_Five_Seven_Scumbria_Tag,Scumbria,0.0,1.0
606,gs_g3sg1_ventilator,#PaintKit_gs_G3SG1_Ventilator_Tag,Ventilator,0.0,0.45
607,cu_glock18_weasel,#PaintKit_cu_Glock18_Weasel_Tag,Weasel,0.0,1.0
608,cu_mag7_tribal,#PaintKit_cu_MAG7_Tribal_Tag,Petroglyph,0.0,0.44
609,cu_mp9_narcis,#PaintKit_cu_MP9_Narcis_Tag,Airlock,0.0,1.0
610,hy_negev_dazzle,#PaintKit_hy_Negev_Dazzle_Tag,Dazzle,0.1,0.65
611,cu_p90_grimm,#PaintKit_cu_P90_Grimm_Tag,Grim,0.0,0.8
612,gs_scar20_powercore,#PaintKit_gs_SCAR20_Powercore_Tag,Powercore,0.0,1.0
613,cu_sg556_triarch,#PaintKit_cu_SG556_Triarch_Tag,Triarch,0.0,1.0
614,gs_tec9_supercharged,#PaintKit_gs_TEC9_Supercharged_Tag,Fuel Injector,0.0,1.0
615,cu_ump45_metritera,#PaintKit_cu_UMP45_Metritera_Tag,Briefing,0.0,1.0
616,hy_xm1014_fractal_blue,#PaintKit_hy_XM1014_Fractal_Blue_Tag,Slipstream,0.0,0.5
617,am_blackpearl_marbleized_b,#PaintKit_am_marbleized_Tag,Doppler,0.0,0.08
618,am_doppler_phase2_b,#PaintKit_am_marbleized_Tag,Doppler,0.0,0.08
619,am_sapphire_marbleized_b,#PaintKit_am_marbleized_Tag,Doppler,0.0,0.08
620,cu_purple_huntsman,#PaintKit_so_purple_Tag,Ultraviolet,0.06,0.8
621,so_purple_falchion,#PaintKit_so_purple_Tag,Ultraviolet,0.06,0.8
622,am_czv2_mf,#PaintKit_am_czv2_mf_Tag,Polymer,0.0,0.5
623,aq_glock_dark-fall,#PaintKit_aq_glock_dark-fall_Tag,Ironwork,0.0,1.0
624,cu_ssg08_dragonfire_scope,#PaintKit_cu_ssg08_dragonfire_scope_Tag,Dragonfire,0.0,0.5
625,gs_dual_berettas_golden_venice,#PaintKit_gs_dual_berettas_golden_venice_Tag,Royal Consorts,0.0,1.0
626,gs_famas_mecha,#PaintKit_gs_famas_mecha_Tag,Mecha Industries,0.0,0.5
627,gs_final_pooldeadv2,#PaintKit_gs_final_pooldeadv2_Tag,Cirrus,0.0,0.75
628,gs_g3sg1_viper_yellow,#PaintKit_gs_g3sg1_viper_yellow_Tag,Stinger,0.0,0.7
629,cu_galil_ar-camo,#PaintKit_cu_galil_ar-camo_Tag,Black Sand,0.0,1.0
630,aa_hide-mp9,#PaintKit_aa_hide-mp9_Tag,Sand Scale,0.0,0.45
631,cu_m4a1_flashback,#PaintKit_cu_m4a1_flashback_Tag,Flashback,0.0,1.0
632,gs_m4a4_sector,#PaintKit_gs_m4a4_sector_Tag,Buzz Kill,0.0,0.7
633,am_mag7_malform,#PaintKit_am_mag7_malform_Tag,Sonar,0.0,0.45
634,am_nova_sand,#PaintKit_am_nova_sand_Tag,Gila,0.0,0.3
635,gs_p2000-sport,#PaintKit_gs_p2000-sport_Tag,Turf,0.0,1.0
636,gs_p90_shallow_grave,#PaintKit_gs_p90_shallow_grave_Tag,Shallow Grave,0.0,0.75
637,cu_usp_cyrex,#PaintKit_cu_usp_cyrex_Tag,Cyrex,0.0,0.55
638,cu_wp_sawedoff,#PaintKit_cu_wp_sawedoff_Tag,Wasteland Princess,0.0,0.7
639,gs_ak47_bloodsport,#PaintKit_gs_ak47_bloodsport_Tag,Bloodsport,0.0,0.45
640,cu_awp_psychopath,#PaintKit_cu_awp_psychopath_Tag,Fever Dream,0.0,0.55
641,hy_bizon_torn_green,#PaintKit_hy_bizon_torn_green_Tag,Jungle Slipstream,0.0,0.5
642,cu_blueprint_scar,#PaintKit_cu_blueprint_scar_Tag,Blueprint,0.0,0.75
643,gs_cz_snakes_purple,#PaintKit_gs_cz_snakes_purple_Tag,Xiangliu,0.0,0.56
644,gs_m4a1_decimator,#PaintKit_gs_m4a1_decimator_Tag,Decimator,0.0,0.85
645,cu_desert_eagle_corroden,#PaintKit_cu_desert_eagle_corroden_Tag,Oxide Blaze,0.0,0.5
646,cu_fiveseven_vein,#PaintKit_cu_fiveseven_vein_Tag,Capillary,0.0,0.7
647,sp_galil_wave,#PaintKit_sp_galil_wave_Tag,Crimson Tsunami,0.0,0.55
648,sp_m249_frog_original,#PaintKit_sp_m249_frog_original_Tag,Emerald Poison Dart,0.0,0.45
649,sp_mp7_tribal_yellow,#PaintKit_sp_mp7_tribal_yellow_Tag,Akoben,0.0,0.7
650,am_p250_sputnik,#PaintKit_am_p250_sputnik_Tag,Ripple,0.0,0.5
651,aa_mac10_the_last_dive,#PaintKit_aa_mac10_the_last_dive_Tag,Last Dive,0.0,0.52
652,gs_ump_abyss,#PaintKit_gs_ump_abyss_Tag,Scaffold,0.0,1.0
653,cu_usps_noir,#PaintKit_cu_usps_noir_Tag,Neo-Noir,0.0,0.7
654,aq_xm_leaf_fade,#PaintKit_aq_xm_leaf_fade_Tag,Seasons,0.0,0.5
655,aq_sawedoff_zander2,#PaintKit_aq_sawedoff_zander2_Tag,Zander,0.05,1.0
656,gs_ak_colony01_red,#PaintKit_gs_ak_colony01_red_Tag,Orbit Mk01,0.0,0.55
657,cu_usps_blueprint,#PaintKit_cu_usps_blueprint_Tag,Blueprint,0.0,0.86
658,gs_dualberettas_cobra,#PaintKit_gs_dualberettas_cobra_Tag,Cobra Strike,0.0,0.6
659,sp_famas_macabre,#PaintKit_sp_famas_macabre_Tag,Macabre,0.0,0.6
660,cu_fiveseven_hyperbeast,#PaintKit_cu_fiveseven_hyperbeast_Tag,Hyper Beast,0.0,1.0
661,cu_galil_candychaos,#PaintKit_cu_galil_candychaos_Tag,Sugar Rush,0.0,0.55
662,cu_awp_hannya,#PaintKit_cu_awp_hannya_Tag,Oni Taiji,0.0,0.5
663,cu_m4a1s_metritera,#PaintKit_cu_m4a1s_metritera_Tag,Briefing,0.0,0.8
664,cu_m4a4_hellfire,#PaintKit_cu_m4a4_hellfire_Tag,Hellfire,0.0,0.5
665,am_mac10_aloha,#PaintKit_am_mac10_aloha_Tag,Aloha,0.0,0.65
666,am_mag7_caustic,#PaintKit_am_mag7_caustic_Tag,Hard Water,0.0,0.45
667,cu_p2000_hunter,#PaintKit_cu_p2000_hunter_Tag,Woodsman,0.0,0.8
668,cu_p250_axiom,#PaintKit_cu_p250_axiom_Tag,Red Rock,0.0,1.0
669,hy_p90_barebones_blue,#PaintKit_hy_p90_barebones_blue_Tag,Death Grip,0.0,1.0
670,cu_ssg08_deathshead,#PaintKit_cu_ssg08_deathshead_Tag,Death's Head,0.0,0.51
671,aq_tec9_chalk_pattern,#PaintKit_aq_tec9_chalk_pattern_Tag,Cut Out,0.0,1.0
672,aq_ump45_flameflower,#PaintKit_aq_ump45_flameflower_Tag,Metal Flowers,0.0,0.7
673,aq_sawed-off_flower,#PaintKit_aq_sawed-off_flower_Tag,Morris,0.0,1.0
674,cu_aug_orange_triangle,#PaintKit_cu_aug_orange_triangle_Tag,Triqua,0.0,1.0
675,gs_ak47_empress,#PaintKit_gs_ak47_empress_Tag,The Empress,0.0,1.0
676,cu_bizon_all_in,#PaintKit_cu_bizon_all_in_Tag,High Roller,0.0,1.0
677,gs_g3sg1_cetme_redux,#PaintKit_gs_g3sg1_cetme_redux_Tag,Hunter,0.0,1.0
678,cu_p250_cybercroc,#PaintKit_cu_p250_cybercroc_Tag,See Ya Later,0.0,0.7
679,cu_mp9_goo,#PaintKit_cu_mp9_goo_Tag,Goo,0.0,0.6
680,cu_glock_indigo,#PaintKit_cu_glock_indigo_Tag,Off World,0.0,1.0
681,gs_m4a1_shatter,#PaintKit_gs_m4a1_shatter_Tag,Leaded Glass,0.0,0.7
682,am_mac10_oceani,#PaintKit_hy_p2000_oceani_Tag,Oceanic,0.0,0.6
683,gs_r8_llamacannon,#PaintKit_gs_r8_llamacannon_Tag,Llama Cannon,0.03,0.7
684,cu_tec9_cracked_opal,#PaintKit_cu_tec9_cracked_opal_Tag,Cracked Opal,0.0,1.0
685,hy_scar20_jungle_slipstream,#PaintKit_hy_bizon_torn_green_Tag,Jungle Slipstream,0.0,0.5
686,gs_sg553_phantom,#PaintKit_gs_sg553_phantom_Tag,Phantom,0.0,0.6
687,gs_cz75_tacticat,#PaintKit_gs_cz75_tacticat_Tag,Tacticat,0.0,0.7
688,cu_ump45_x-ray_machine,#PaintKit_cu_ump45_x-ray_machine_Tag,Exposure,0.0,0.55
689,aq_xm1014_ziggy_anarchy,#PaintKit_aq_xm1014_ziggy_anarchy_Tag,Ziggy,0.0,0.72
690,gs_aug_stymphalian_birds,#PaintKit_gs_aug_stymphalian_birds_Tag,Stymphalian,0.0,0.63
691,gs_awp_death,#PaintKit_gs_awp_death_Tag,Mortis,0.0,0.64
692,cu_bizon_riot,#PaintKit_cu_bizon_riot_Tag,Night Riot,0.0,0.8
693,gs_fiveseven_hot_rod_violet,#PaintKit_gs_fiveseven_hot_rod_violet_Tag,Flame Test,0.0,0.65
694,aa_glock_18_urban_moon_fever,#PaintKit_aa_glock_18_urban_moon_fever_Tag,Moonrise,0.0,0.65
695,cu_m4a4_neo_noir,#PaintKit_cu_m4a4_neo_noir_Tag,Neo-Noir,0.0,0.9
696,gs_mp7_bloodsport,#PaintKit_gs_mp7_bloodsport_Tag,Bloodsport,0.0,0.65
697,cu_mp9_black_sand,#PaintKit_cu_mp9_black_sand_Tag,Black Sand,0.0,1.0
698,sp_negev_lionfish,#PaintKit_sp_negev_lionfish_Tag,Lionfish,0.0,0.55
699,gs_nova_anchorite,#PaintKit_gs_nova_anchorite_Tag,Wild Six,0.0,0.8
700,cu_p2000_urban_hazard,#PaintKit_cu_p2000_urban_hazard_Tag,Urban Hazard,0.0,1.0
701,gs_revolver_tread,#PaintKit_gs_revolver_tread_Tag,Grip,0.0,1.0
702,sp_sg533_aloha,#PaintKit_sp_sg533_aloha_Tag,Aloha,0.0,0.55
703,aq_mag7_swag7,#PaintKit_aq_mag7_swag7_Tag,SWAG-7,0.0,0.92
704,cu_ump45_white_fang,#PaintKit_cu_ump45_white_fang_Tag,Arctic Wolf,0.0,0.8
705,cu_usp_cut,#PaintKit_cu_usp_cut_Tag,Cortex,0.0,1.0
706,cu_xm1014_oxide_blaze,#PaintKit_cu_xm1014_oxide_blaze_Tag,Oxide Blaze,0.0,0.7
707,cu_ak_neon_rider,#PaintKit_cu_ak_neon_rider_Tag,Neon Rider,0.0,0.8
708,hy_aug_torn_orange,#PaintKit_hy_aug_torn_orange_Tag,Amber Slipstream,0.0,0.55
709,cu_cz75_eco,#PaintKit_cu_cz75_eco_Tag,Eco,0.0,1.0
710,sp_elites_winter_raider,#PaintKit_sp_elites_winter_raider_Tag,Shred,0.0,0.5
711,gs_deagle_aggressor,#PaintKit_gs_deagle_aggressor_Tag,Code Red,0.0,1.0
712,gs_g3sg1_buccaneer,#PaintKit_gs_g3sg1_buccaneer_Tag,High Seas,0.0,0.7
713,gs_glock_thunder_dust,#PaintKit_gs_glock_thunder_dust_Tag,Warhawk,0.0,1.0
714,cu_m4a1s_nightmare,#PaintKit_cu_m4a1s_nightmare_Tag,Nightmare,0.0,1.0
715,cu_mp9_vein,#PaintKit_cu_mp9_vein_Tag,Capillary,0.0,0.7
716,cu_nova_toy_soldier,#PaintKit_cu_nova_toy_soldier_Tag,Toy Soldier,0.0,1.0
717,gs_p90_tread,#PaintKit_gs_p90_tread_Tag,Traction,0.0,1.0
718,am_awp_pawpaw,#PaintKit_am_awp_pawpaw_Tag,PAW,0.0,0.5
719,gs_powercore_mp7,#PaintKit_gs_powercore_mp7_Tag,Powercore,0.0,0.8
720,cu_sawedoff_devourer,#PaintKit_cu_sawedoff_devourer_Tag,Devourer,0.0,0.8
721,cu_r8_survivalist,#PaintKit_cu_r8_survivalist_Tag,Survivalist,0.0,0.7
722,cu_tec9_snake,#PaintKit_cu_tec9_snake_Tag,Snek-9,0.0,1.0
723,cu_famas_owl_orange,#PaintKit_cu_famas_owl_orange_Tag,Eye of Athena,0.0,0.7
724,cu_ak_island_floral,#PaintKit_cu_ak_island_floral_Tag,Wild Lotus,0.0,1.0
725,hy_bloom_red,#PaintKit_hy_bloom_red_Tag,Day Lily,0.0,0.55
726,sp_bloom_orange,#PaintKit_sp_bloom_orange_Tag,Sunset Lily,0.0,0.5
727,am_bloom_blue,#PaintKit_am_bloom_blue_Tag,Midnight Lily,0.0,0.5
728,sp_bud_green,#PaintKit_sp_bud_green_Tag,Teal Blossom,0.0,0.5
729,hy_bud_red,#PaintKit_hy_bud_red_Tag,Crimson Blossom,0.0,0.5
730,sp_bud_blue,#PaintKit_sp_bud_blue_Tag,Dark Blossom,0.0,0.5
731,hy_leaf_green,#PaintKit_hy_leaf_green_Tag,Banana Leaf,0.0,0.6
732,hy_leaf_blue,#PaintKit_hy_leaf_blue_Tag,Synth Leaf,0.0,0.7
733,sp_leaf_orange,#PaintKit_sp_leaf_orange_Tag,Rust Leaf,0.0,0.5
734,cu_mp9_island_floral,#PaintKit_cu_mp9_island_floral_Tag,Wild Lily,0.0,0.7
735,sp_nightstripe,#PaintKit_sp_nightstripe_Tag,Night Stripe,0.0,1.0
736,gs_awp_enamel,#PaintKit_gs_awp_enamel_Tag,The Prince,0.0,0.6
737,gs_mag7_glass,#PaintKit_gs_mag7_glass_Tag,Cinquedea,0.0,1.0
738,hy_murano_orange,#PaintKit_hy_murano_orange_Tag,Orange Murano,0.0,1.0
739,am_murano_violet,#PaintKit_am_murano_violet_Tag,Violet Murano,0.0,0.5
740,hy_murano_blue,#PaintKit_hy_murano_blue_Tag,Navy Murano,0.0,1.0
741,am_ren_dark,#PaintKit_am_ren_dark_Tag,Dark Filigree,0.0,0.5
742,am_ren_red,#PaintKit_am_ren_red_Tag,Red Filigree,0.0,0.5
743,hy_ren_orange,#PaintKit_hy_ren_orange_Tag,Orange Filigree,0.0,0.5
744,am_veneto_red,#PaintKit_am_veneto_red_Tag,Baroque Red,0.0,0.5
745,hy_veneto_purple,#PaintKit_hy_veneto_purple_Tag,Baroque Purple,0.0,1.0
746,am_veneto2,#PaintKit_am_veneto2_Tag,Baroque Orange,0.0,0.5
747,cu_dual_elites_rally,#PaintKit_cu_dual_elites_rally_Tag,Twin Turbo,0.0,1.0
748,gs_mac10_checker,#PaintKit_gs_mac10_checker_Tag,Calf Skin,0.0,1.0
749,gs_p250_checker,#PaintKit_gs_p250_checker_Tag,Vino Primo,0.0,1.0
750,cu_sg553_rally,#PaintKit_cu_sg553_rally_Tag,Integrale,0.0,1.0
751,gs_ssg08_checker,#PaintKit_gs_ssg08_checker_Tag,Hand Brake,0.0,1.0
752,aa_fade_mp7,#PaintKit_aa_fade_mp7_Tag,Fade,0.0,0.25
753,sp_tape_short_rally,#PaintKit_sp_tape_short_rally_Tag,Dirt Drop,0.06,0.8
754,aq_steel_inferno,#PaintKit_aq_steel_bravo_Tag,Rust Coat,0.0,1.0
755,hy_splatter3,#PaintKit_hy_splatter3_Tag,Slide,0.06,0.8
756,gs_awp_gungnir,#PaintKit_gs_awp_gungnir_Tag,Gungnir,0.0,0.6
757,am_jorm_green,#PaintKit_am_jorm_green_Tag,Emerald Jörmungandr,0.0,0.5
758,am_jorm_orange,#PaintKit_am_jorm_orange_Tag,Flame Jörmungandr,0.0,0.5
759,am_jorm_blue,#PaintKit_am_jorm_blue_Tag,Astral Jörmungandr,0.0,0.5
760,am_knots_silver,#PaintKit_am_knots_silver_Tag,Frost Borre,0.0,0.5
761,am_knots_brown,#PaintKit_am_knots_brown_Tag,Copper Borre,0.0,0.5
762,so_rune_stone,#PaintKit_so_rune_stone_Tag,Red Stone,0.06,0.5
763,gs_negev_thor,#PaintKit_gs_negev_thor_Tag,Mjölnir,0.0,0.6
764,gs_deagle_fennec,#PaintKit_gs_deagle_fennec_Tag,Fennec Fox,0.0,0.8
765,aa_desert_bloom_bright,#PaintKit_aa_desert_bloom_bright_Tag,Desert Blossom,0.0,0.49
766,soch_tiger_stencil_tec9,#PaintKit_soch_tiger_stencil_Tag,Tiger Stencil,0.0,0.6
768,ht_blur_camo_mp5sd,#PaintKit_ht_blur_camo_mp5sd_Tag,Savannah Halftone,0.25,0.75
770,sp_wax_rub_bizon,#PaintKit_sp_wax_rub_bizon_Tag,Cold Cell,0.0,0.4
773,soch_wildwood_mag7,#PaintKit_soch_wildwood_Tag,Wildwood,0.0,0.7
774,soch_hunter_blaze_p250,#PaintKit_soch_hunter_blaze_Tag,Small Game,0.0,0.7
775,hy_blueprint_white,#PaintKit_hy_blueprint_white_Tag,Facility Sketch,0.0,0.5
776,hy_blueprint_aqua,#PaintKit_hy_blueprint_aqua_Tag,Facility Negative,0.0,0.5
777,hy_blueprint_red,#PaintKit_hy_blueprint_red_Tag,Facility Draft,0.0,0.5
778,hy_blueprint_bluered,#PaintKit_hy_blueprint_bluered_Tag,Facility Dark,0.0,0.5
779,am_circuitboard_orange,#PaintKit_am_circuitboard_orange_Tag,Random Access,0.0,0.5
780,am_circuitboard_silver,#PaintKit_am_circuitboard_silver_Tag,Mainframe,0.0,0.5
781,am_circuitboard_aqua,#PaintKit_am_circuitboard_aqua_Tag,Co-Processor,0.0,0.5
782,am_circuitboard_green,#PaintKit_am_circuitboard_green_Tag,Motherboard,0.0,0.5
783,hy_ducts_yellow,#PaintKit_hy_ducts_yellow_Tag,Bulkhead,0.0,0.5
784,hy_ducts_green,#PaintKit_hy_ducts_green_Tag,Coolant,0.0,0.5
785,hy_ducts_grey,#PaintKit_hy_ducts_grey_Tag,Mandrel,0.0,0.5
786,hy_ducts_blue,#PaintKit_hy_ducts_blue_Tag,Exchanger,0.0,0.5
787,hy_nuclear_hotorange,#PaintKit_hy_nuclear_hotorange_Tag,Core Breach,0.0,1.0
788,hy_nuclear_skulls_redblue,#PaintKit_hy_nuclear_skulls_redblue_Tag,Acheron,0.0,0.83
789,am_nuclear_skulls_green,#PaintKit_am_nuclear_skulls_green_Tag,Nuclear Garden,0.0,0.7
790,hy_nuclear_skulls_aqua,#PaintKit_hy_nuclear_skulls_aqua_Tag,Cold Fusion,0.0,0.83
791,gs_tec9_envoy,#PaintKit_gs_tec9_envoy_Tag,Remote Control,0.0,1.0
792,gs_m4a1s_operator,#PaintKit_gs_m4a1s_operator_Tag,Control Panel,0.0,1.0
793,hy_red_hex,#PaintKit_hy_red_hex_Tag,Converter,0.0,0.4
794,sp_mesh_safetyblack,#PaintKit_sp_mesh_safetyblack_Tag,Sweeper,0.0,0.6
795,hy_mesh_safetyorange,#PaintKit_hy_mesh_safetyorange_Tag,Safety Net,0.0,0.6
796,sp_mesh_safetyred,#PaintKit_sp_mesh_safetyred_Tag,Check Engine,0.0,0.6
797,aa_vertigo_red,#PaintKit_aa_vertigo_red_Tag,Brake Light,0.0,0.08
798,so_orange_accents3,#PaintKit_so_orange_accents_Tag,Nitro,0.0,1.0
799,aa_vertigo_blue,#PaintKit_aa_vertigo_blue_Tag,High Beam,0.0,0.08
800,hy_labrat_mp5,#PaintKit_hy_labrat_mp5_Tag,Lab Rats,0.0,0.35
801,cu_ak47_asiimov,#PaintKit_cu_ak47_asiimov_Tag,Asiimov,0.05,0.7
802,cu_ump_arrows,#PaintKit_cu_ump_arrows_Tag,Momentum,0.0,0.5
803,cu_awp_neonoir,#PaintKit_cu_awp_neonoir_Tag,Neo-Noir,0.0,0.5
804,gs_mp9_colony01,#PaintKit_gs_mp9_colony01_Tag,Modest Threat,0.0,0.75
805,gs_deagle_mecha,#PaintKit_gs_deagle_mecha_Tag,Mecha Industries,0.0,0.6
806,gs_g3sg1_savage,#PaintKit_gs_g3sg1_savage_Tag,Scavenger,0.0,0.65
807,hy_galil_signal_red,#PaintKit_hy_galil_signal_red_Tag,Signal,0.0,0.5
808,cu_glock18_corroden,#PaintKit_cu_glock18_corroden_Tag,Oxide Blaze,0.0,0.85
809,gs_nova_hunter_brute,#PaintKit_gs_nova_hunter_brute_Tag,Wood Fired,0.0,0.75
810,gs_mp5_festival_drip,#PaintKit_gs_mp5_festival_drip_Tag,Phosphor,0.0,0.8
811,gs_m4a4_chopper_ghost,#PaintKit_gs_m4a4_chopper_ghost_Tag,Magnesium,0.0,1.0
812,gs_mac10_exo_pipes,#PaintKit_gs_mac10_exo_pipes_Tag,Pipe Down,0.0,0.9
813,aa_p250_gravediggers,#PaintKit_aa_p250_gravediggers_Tag,Nevermore,0.0,0.4
814,cu_sawedoff_black_sand,#PaintKit_cu_sawedoff_black_sand_Tag,Black Sand,0.0,0.9
815,gs_sg553_over_heated,#PaintKit_gs_sg553_over_heated_Tag,Danger Close,0.02,0.8
816,gs_tec9_fubar,#PaintKit_gs_tec9_fubar_Tag,Fubar,0.14,1.0
817,cu_usp_flashback,#PaintKit_cu_usp_flashback_Tag,Flashback,0.0,0.5
818,am_ddpat_purple,#PaintKit_am_ddpat_purple_Tag,Purple DDPAT,0.0,0.55
819,gs_awp_hydra,#PaintKit_gs_awp_hydra_Tag,Desert Hydra,0.0,0.6
820,am_mirage_flowers_metalic,#PaintKit_am_mirage_flowers_metalic_Tag,Music Box,0.0,0.55
821,am_moro_textile_bright,#PaintKit_am_moro_textile_bright_Tag,Elegant Vines,0.0,0.37
822,am_navy_shine,#PaintKit_am_navy_shine_Tag,Navy Sheen,0.0,0.55
823,gs_aug_sand_storm,#PaintKit_gs_aug_sand_storm_Tag,Sand Storm,0.0,0.5
824,sp_dry_wood,#PaintKit_sp_dry_wood_Tag,Drift Wood,0.0,0.6
825,sp_desert_skulls_dawn,#PaintKit_sp_desert_skulls_dawn_Tag,Drought,0.0,0.44
826,sp_mirage_flowers_tan,#PaintKit_sp_mirage_flowers_tan_Tag,Sienna Damask,0.0,0.6
827,sp_moro_carving_burnt,#PaintKit_sp_moro_carving_burnt_Tag,Humidor,0.0,0.5
828,sp_moro_textile_green_vine,#PaintKit_sp_moro_textile_green_vine_Tag,Verdant Growth,0.0,0.47
829,hy_lizard_skin,#PaintKit_hy_lizard_skin_Tag,Anolis,0.0,0.5
830,gsch_bright_camo_usp,#PaintKit_gsch_bright_camo_usp_Tag,Alpine Camo,0.0,0.68
831,aq_case_hardened_fiveseven,#PaintKit_aq_case_hardened_2_Tag,Heat Treated,0.0,1.0
832,gsch_axia_glock,#PaintKit_gsch_axia_glock_Tag,AXIA,0.0,0.7
834,ht_shapes_xm1014,#PaintKit_ht_shapes_Tag,Halftone Shift,0.0,0.6
835,sp_famas_ghost_insects,#PaintKit_sp_famas_ghost_insects_Tag,Crypsis,0.0,0.55
836,cu_ak47_aztec,#PaintKit_cu_ak47_aztec_Tag,Uncharted,0.0,0.75
837,cu_five_seven_angry,#PaintKit_cu_five_seven_angry_Tag,Angry Mob,0.0,0.7
838,cu_awp_viper,#PaintKit_cu_awp_viper_Tag,Atheris,0.0,1.0
839,cu_tec9_bamboo,#PaintKit_cu_tec9_bamboo_Tag,Bamboozle,0.0,0.8
840,gs_mac10_fish_bait,#PaintKit_gs_mac10_fish_bait_Tag,Whitefish,0.0,1.0
841,gs_deagle_exo,#PaintKit_gs_deagle_exo_Tag,Light Rail,0.0,0.9
842,sp_galil_akoben,#PaintKit_sp_galil_akoben_Tag,Akoben,0.0,0.75
843,cu_revolver_oppressor,#PaintKit_cu_revolver_oppressor_Tag,Skull Crusher,0.25,0.8
844,gs_m4a4_emperor,#PaintKit_gs_m4a4_emperor_Tag,The Emperor,0.0,0.8
845,cu_aug_momentum,#PaintKit_cu_aug_momentum_Tag,Momentum,0.05,1.0
846,gs_mp5sd_astromatic,#PaintKit_gs_mp5sd_astromatic_Tag,Gauss,0.0,1.0
847,cu_mp7_racketeer,#PaintKit_cu_mp7_racketeer_Tag,Mischief,0.1,1.0
848,aq_p250_verdigris,#PaintKit_aq_p250_verdigris_Tag,Verdigris,0.0,0.7
849,cu_p90_offworld,#PaintKit_cu_p90_offworld_Tag,Off World,0.0,0.75
850,cu_xm1014_incinerator,#PaintKit_cu_xm1014_incinerator_Tag,Incinegator,0.14,0.65
851,aa_ump45_moonrise_sunset,#PaintKit_aa_ump45_moonrise_sunset_Tag,Moonrise,0.0,0.4
852,am_doppler_phase1_widow,#PaintKit_am_marbleized_Tag,Doppler,0.0,0.08
853,am_doppler_phase2_widow,#PaintKit_am_marbleized_Tag,Doppler,0.0,0.08
854,am_doppler_phase3_widow,#PaintKit_am_marbleized_Tag,Doppler,0.0,0.08
855,am_doppler_phase4_widow,#PaintKit_am_marbleized_Tag,Doppler,0.0,0.08
856,am_marble_fade_widow,#PaintKit_am_marble_fade_Tag,Marble Fade,0.0,0.08
857,aq_damascus_prisma,#PaintKit_aq_damascus_Tag,Damascus Steel,0.0,0.5
858,aq_damascus_widow,#PaintKit_aq_damascus_Tag,Damascus Steel,0.0,0.5
859,am_crystallized_green,#PaintKit_am_crystallized_green_Tag,Emerald Quartz,0.0,0.7
860,hy_gelpen_dark,#PaintKit_hy_gelpen_dark_Tag,Pyre,0.06,0.55
861,sp_asgard_wall,#PaintKit_sp_asgard_wall_Tag,Barricade,0.0,0.65
862,am_crystallized_dark_green,#PaintKit_am_crystallized_dark_green_Tag,Moss Quartz,0.0,0.5
863,sp_knots_blue,#PaintKit_sp_knots_blue_Tag,Night Borre,0.0,0.55
864,so_red_sg553,#PaintKit_so_red_Tag,Candy Apple,0.0,0.7
865,hy_canals_tile,#PaintKit_hy_canals_tile_Tag,Stone Mosaico,0.06,0.5
866,sp_spray_water,#PaintKit_sp_spray_water_Tag,Canal Spray,0.06,0.6
867,am_stained_glass,#PaintKit_am_stained_glass_Tag,Stained Glass,0.0,0.5
868,hy_flowers_stmarc,#PaintKit_hy_flowers_stmarc_Tag,Sea Calico,0.0,0.5
869,sp_palm_sunset,#PaintKit_sp_palm_sunset_Tag,Sundown,0.0,0.6
870,sp_palm_green,#PaintKit_sp_palm_green_Tag,Jungle Thicket,0.0,0.5
871,sp_twigs_beach,#PaintKit_sp_twigs_beach_Tag,Surfwood,0.0,0.5
872,hy_bamboo_stmarc,#PaintKit_hy_bamboo_stmarc_Tag,Bamboo Garden,0.0,0.55
873,so_aqua_stmarc,#PaintKit_so_aqua_Tag,Seabird,0.0,0.5
874,soo_polysoup_m4a4,#PaintKit_soo_polysoup_m4a4_Tag,Polysoup,0.0,0.64
875,ht_peaks_rainbow,#PaintKit_ht_peaks_rainbow_Tag,Spectrogram,0.0,0.5
877,ht_swirl_ssg08,#PaintKit_ht_swirl_Tag,Halftone Whorl,0.0,0.5
878,ht_facet_p2000,#PaintKit_ht_facet_p2000_Tag,Coral Halftone,0.0,0.52
879,aa_fade_ump,#PaintKit_aa_fade_Tag,Fade,0.0,0.08
880,hy_desert_bloom,#PaintKit_hy_desert_bloom_Tag,Parched,0.0,0.49
882,ht_splash_famas,#PaintKit_ht_splash_Tag,Halftone Wash,0.0,0.5
883,cu_chevron_scar20,#PaintKit_cu_chevron_scar20_Tag,Wild Berry,0.0,0.65
884,cu_bizon_road_warrior,#PaintKit_cu_bizon_road_warrior_Tag,Embargo,0.0,1.0
885,gs_ak47_nibbler,#PaintKit_gs_ak47_nibbler_Tag,Rat Rod,0.0,1.0
886,cu_aug_whitefang,#PaintKit_cu_aug_whitefang_Tag,Arctic Wolf,0.0,0.7
887,cu_awp_virus,#PaintKit_cu_awp_virus_Tag,Containment Breach,0.0,1.0
888,gs_mp5_etch,#PaintKit_gs_mp5_etch_Tag,Acid Wash,0.0,0.68
889,gs_tec9_decimator,#PaintKit_gs_tec9_decimator_Tag,Decimator,0.0,0.75
890,cu_nova_featherswing,#PaintKit_cu_nova_featherswing_Tag,Plume,0.0,0.8
891,cu_g3sg1_blacksand,#PaintKit_cu_g3sg1_blacksand_Tag,Black Sand,0.0,0.8
892,gs_r8_memento,#PaintKit_gs_r8_memento_Tag,Memento,0.0,0.8
893,cu_mp7_replica,#PaintKit_cu_mp7_replica_Tag,Neon Ply,0.0,1.0
894,cu_p2000_obsidian,#PaintKit_cu_p2000_obsidian_Tag,Obsidian,0.0,1.0
895,gs_dual_elites_rose,#PaintKit_gs_dual_elites_rose_Tag,Balance,0.0,1.0
896,sp_scar20_striker_dust,#PaintKit_sp_scar20_striker_dust_Tag,Torn,0.0,0.45
897,cu_sg553_reactor,#PaintKit_cu_sg553_reactor_Tag,Colony IV,0.0,1.0
898,gs_mac10_stalker,#PaintKit_gs_mac10_stalker_Tag,Stalker,0.0,1.0
899,cu_ssg08_tickler,#PaintKit_cu_ssg08_tickler_Tag,Bloodshot,0.14,0.6
900,gs_m249_warbird_veteran,#PaintKit_gs_m249_warbird_veteran_Tag,Warbird,0.05,0.65
901,gs_happy_red_sg556,#PaintKit_gs_happy_red_sg556_Tag,Berry Gel Coat,0.0,0.8
902,aq_m249_aztec,#PaintKit_aq_m249_aztec_Tag,Aztec,0.0,0.75
903,gs_dual_elites_classic,#PaintKit_gs_dual_elites_classic_Tag,Elite 1.6,0.0,0.7
904,cu_famas_nuke_tension,#PaintKit_cu_famas_nuke_tension_Tag,Decommissioned,0.0,1.0
905,cu_tec9_flash,#PaintKit_cu_tec9_flash_Tag,Flash Out,0.0,0.7
906,cu_fiveseven_gsg9,#PaintKit_cu_fiveseven_gsg9_Tag,Buddy,0.0,0.55
907,gs_p250_inferno,#PaintKit_gs_p250_inferno_Tag,Inferno,0.0,0.68
908,gs_mac10_dust_crate,#PaintKit_gs_mac10_dust_crate_Tag,Classic Crate,0.0,1.0
909,gs_mag7_popdog,#PaintKit_gs_mag7_popdog_Tag,Popdog,0.0,0.8
910,cu_mp9_hydra,#PaintKit_cu_mp9_hydra_Tag,Hydra,0.0,1.0
911,cu_p90_nostalgia,#PaintKit_cu_p90_nostalgia_Tag,Nostalgia,0.0,0.57
912,cu_graphic_overlay_ak47,#PaintKit_cu_graphic_overlay_ak47_Tag,Crossfade,0.0,0.5
913,am_aug_death_by_doggy,#PaintKit_am_aug_death_by_doggy_Tag,Death by Puppy,0.0,0.4
914,cu_scar_assault,#PaintKit_cu_scar_assault_Tag,Assault,0.0,0.62
915,gs_mp5_fbi,#PaintKit_gs_mp5_fbi_Tag,Agent,0.0,1.0
916,cu_ump_bomb,#PaintKit_cu_ump_bomb_Tag,Plastique,0.0,0.8
917,cu_awp_wildfire,#PaintKit_cu_awp_wildfire_Tag,Wildfire,0.01,0.7
918,cu_glock_hero,#PaintKit_cu_glock_hero_Tag,Sacrifice,0.0,1.0
919,gs_famas_legacy_gold,#PaintKit_gs_famas_legacy_gold_Tag,Commemoration,0.0,0.5
920,hy_veneto_tan,#PaintKit_hy_veneto_tan_Tag,Boroque Sand,0.0,1.0
921,gs_ak47_gold_arabesque,#PaintKit_gs_ak47_gold_arabesque_Tag,Gold Arabesque,0.0,0.7
922,am_lizard_red,#PaintKit_am_lizard_red_Tag,Orange Anolis,0.0,0.37
923,gs_mp5_neon_flektarn,#PaintKit_gs_mp5_neon_flektarn_Tag,Oxide Oasis,0.0,0.55
924,hy_brush_camo_tan,#PaintKit_hy_brush_camo_tan_Tag,Desert Brush,0.0,0.6
925,hy_ddpat_desert,#PaintKit_hy_ddpat_desert_Tag,Desert DDPAT,0.0,0.5
926,hy_ddpat_urban_red,#PaintKit_hy_ddpat_urban_red_Tag,Red DDPAT,0.0,0.5
927,hy_dry_wood,#PaintKit_hy_dry_wood_Tag,Spalted Wood,0.0,0.48
928,hy_desert_multicam,#PaintKit_hy_desert_multicam_Tag,Black & Tan,0.0,0.5
929,hy_torn_camo_paints,#PaintKit_hy_torn_camo_paints_Tag,Quick Sand,0.0,0.5
930,sp_moro_carving_lightblue,#PaintKit_sp_moro_carving_lightblue_Tag,New Roots,0.0,0.55
931,sp_moro_carving_yellow,#PaintKit_sp_moro_carving_yellow_Tag,Old Roots,0.0,0.5
932,sp_moro_textile_purple_yellow,#PaintKit_sp_moro_textile_purple_yellow_Tag,Withered Vine,0.0,0.5
933,sp_palm_night,#PaintKit_sp_palm_night_Tag,Midnight Palm,0.0,0.5
934,sp_desert_skulls,#PaintKit_sp_desert_skulls_Tag,Bleached,0.0,0.5
935,sp_zebracam_red,#PaintKit_sp_zebracam_red_Tag,Prey,0.0,0.48
936,cu_poly_violet_p90,#PaintKit_cu_poly_violet_p90_Tag,Attack Vector,0.0,0.55
937,cu_abstract_white_cz,#PaintKit_cu_abstract_white_cz_Tag,Slalom,0.0,0.57
938,cu_glitter_deagle,#PaintKit_cu_glitter_deagle_Tag,Starcade,0.0,0.75
939,cu_poly_green_galil,#PaintKit_cu_poly_green_galil_Tag,NV,0.0,0.47
940,gs_constellation_dark_mp7,#PaintKit_gs_constellation_dark_mp7_Tag,Astrolabe,0.0,1.0
941,cu_ak-47_phantom_disruptor,#PaintKit_cu_ak-47_phantom_disruptor_Tag,Phantom Disruptor,0.0,0.65
942,gs_aug_thunderstorm,#PaintKit_gs_aug_thunderstorm_Tag,Tom Cat,0.0,0.8
943,cu_awp_vein,#PaintKit_cu_awp_vein_Tag,Capillary,0.05,0.7
944,cu_cz75_cerakote,#PaintKit_cu_cz75_cerakote_Tag,Distressed,0.0,1.0
945,cu_deagle_replica,#PaintKit_cu_deagle_replica_Tag,Blue Ply,0.0,1.0
946,cu_m4a1s_csgo2048,#PaintKit_cu_m4a1s_csgo2048_Tag,Player Two,0.0,0.84
947,cu_mac10_nacre,#PaintKit_cu_mac10_nacre_Tag,Disco Tech,0.0,1.0
948,gs_mag7_justice,#PaintKit_gs_mag7_justice_Tag,Justice,0.0,1.0
949,cu_mp5_desert_strike,#PaintKit_cu_mp5_desert_strike_Tag,Desert Strike,0.0,1.0
950,cu_negev_prototype,#PaintKit_cu_negev_prototype_Tag,Prototype,0.0,0.7
951,aq_p2000_acid_clover,#PaintKit_aq_p2000_acid_clover_Tag,Acid Etched,0.0,1.0
952,gs_r8_leviathan,#PaintKit_gs_r8_leviathan_Tag,Bone Forged,0.0,0.6
953,cu_sawedoff_apocalypto,#PaintKit_cu_sawedoff_apocalypto_Tag,Apocalypto,0.0,1.0
954,gs_scar20_enforcer,#PaintKit_gs_scar20_enforcer_Tag,Enforcer,0.0,1.0
955,cu_sg553_darkwing,#PaintKit_cu_sg553_darkwing_Tag,Darkwing,0.0,1.0
956,cu_ssg08_fever_dream,#PaintKit_cu_ssg08_fever_dream_Tag,Fever Dream,0.0,0.72
957,cu_glock18_warmaiden,#PaintKit_cu_glock18_warmaiden_Tag,Bullet Queen,0.0,1.0
958,cu_negev_ultralight,#PaintKit_cu_negev_ultralight_Tag,Ultralight,0.0,0.79
959,cu_ak47_anubis,#PaintKit_cu_ak47_anubis_Tag,Legion of Anubis,0.0,0.7
960,aq_p2000_lost_world,#PaintKit_aq_p2000_lost_world_Tag,Gnarled,0.0,1.0
961,cu_mag7_monster_call,#PaintKit_cu_mag7_monster_call_Tag,Monster Call,0.0,1.0
962,cu_deag_printstream,#PaintKit_cu_printstream_Tag,Printstream,0.0,0.8
963,cu_glock_eyecontact,#PaintKit_cu_glock_eyecontact_Tag,Vogue,0.0,0.75
964,gs_tec9_guerilla,#PaintKit_gs_tec9_guerilla_Tag,Brother,0.0,1.0
965,cu_mac10_isoonna,#PaintKit_cu_mac10_isoonna_Tag,Allure,0.0,1.0
966,gs_sg553_rusty,#PaintKit_gs_sg553_rusty_Tag,Ol' Rusty,0.0,0.7
967,cu_ssg08_mainframe,#PaintKit_cu_ssg08_mainframe_Tag,Mainframe 001,0.0,1.0
968,cu_p250_cassette,#PaintKit_cu_p250_cassette_Tag,Cassette,0.0,0.6
969,gs_p90_container,#PaintKit_gs_p90_container_Tag,Freight,0.0,1.0
970,cu_xm1014_amulet_blue,#PaintKit_cu_xm1014_amulet_blue_Tag,Entombed,0.0,0.5
971,cu_m4a4_queenfairy,#PaintKit_cu_m4a4_queenfairy_Tag,Tooth Fairy,0.0,0.73
972,gs_galil_phoenix,#PaintKit_gs_galil_phoenix_Tag,Connexion,0.0,0.8
973,gs_bizon_hellraider,#PaintKit_gs_bizon_hellraider_Tag,Runic,0.0,1.0
974,gs_mp5sd_wasteland_legacy,#PaintKit_gs_mp5sd_wasteland_legacy_Tag,Kitbash,0.0,0.8
975,gs_awp_exoskeleton,#PaintKit_gs_awp_exoskeleton_Tag,Exoskeleton,0.0,1.0
976,gs_cz75_vendetta,#PaintKit_gs_cz75_vendetta_Tag,Vendetta,0.0,1.0
977,hy_p90_dino_rampage,#PaintKit_hy_p90_dino_rampage_Tag,Cocoa Rampage,0.0,0.6
978,gs_dual_elites_dezastre,#PaintKit_gs_dual_elites_dezastre_Tag,Dezastre,0.0,1.0
979,cu_five_seven_diary,#PaintKit_cu_five_seven_diary_Tag,Fairy Tale,0.02,0.9
980,gs_g3sg1_disrupt,#PaintKit_gs_g3sg1_disrupt_Tag,Digital Mesh,0.0,0.8
981,gs_galil_vandal,#PaintKit_gs_galil_vandal_Tag,Vandal,0.0,1.0
982,cu_p250_infect,#PaintKit_cu_p250_infect_Tag,Contaminant,0.0,0.7
983,cu_m249_deep_relief,#PaintKit_cu_m249_deep_relief_Tag,Deep Relief,0.0,1.0
984,cu_m4a1s_printstream,#PaintKit_cu_printstream_Tag,Printstream,0.0,0.8
985,cu_m4a4_cyberpunk,#PaintKit_cu_m4a4_cyberpunk_Tag,Cyber Security,0.0,0.98
986,gs_mp5_conditionzero,#PaintKit_gs_mp5_conditionzero_Tag,Condition Zero,0.0,1.0
987,cu_nova_polymer,#PaintKit_cu_nova_polymer_Tag,Clear Polymer,0.0,1.0
988,cu_glock_noir,#PaintKit_cu_glock_noir_Tag,Neo-Noir,0.0,1.0
989,cu_ssg08_chromatic,#PaintKit_cu_ssg08_chromatic_Tag,Parallax,0.0,1.0
990,gs_ump_gold_bismuth,#PaintKit_gs_ump_gold_bismuth_Tag,Gold Bismuth,0.0,0.7
991,cu_usp_krokos,#PaintKit_cu_usp_krokos_Tag,Monster Mashup,0.0,0.7
992,am_numbers_bronze,#PaintKit_am_numbers_bronze_Tag,The Bronze,0.0,0.3
993,cu_csgo_camo,#PaintKit_cu_csgo_camo_Tag,Global Offensive,0.0,0.7
994,am_authority_brown,#PaintKit_am_authority_brown_Tag,Charter,0.0,0.65
995,am_intelligence_grey,#PaintKit_am_intelligence_grey_Tag,Surveillance,0.0,0.6
996,am_intelligence_orange,#PaintKit_am_intelligence_orange_Tag,Threat Detected,0.0,0.65
997,am_numbers_red_blue,#PaintKit_am_numbers_red_blue_Tag,Dispatch,0.0,0.65
998,hy_numbers_green,#PaintKit_hy_numbers_green_Tag,Switch Board,0.0,0.65
999,am_numbers_magenta,#PaintKit_am_numbers_magenta_Tag,Prime Conspiracy,0.0,0.55
1000,cu_jaguar_p90,#PaintKit_cu_jaguar_p90_Tag,Run and Hide,0.0,1.0
1001,cu_m4a1_snake,#PaintKit_cu_m4a1_snake_Tag,Welcome to the Jungle,0.0,1.0
1002,aa_fade_red_blue,#PaintKit_aa_fade_red_blue_Tag,Berries And Cherries,0.0,0.1
1003,cu_ump_crime_scene,#PaintKit_cu_ump_crime_scene_Tag,Crime Scene,0.0,0.75
1004,cu_ak_xray,#PaintKit_cu_ak_xray_Tag,X-Ray,0.0,1.0
1005,am_heist_plans_green,#PaintKit_am_heist_plans_green_Tag,Heist,0.0,0.7
1006,am_heist_plans_purple,#PaintKit_am_heist_plans_purple_Tag,Night Heist,0.0,0.65
1007,am_heist_plans_yellow,#PaintKit_am_heist_plans_yellow_Tag,Vault Heist,0.0,0.6
1008,hy_houndstooth_brown,#PaintKit_hy_houndstooth_brown_Tag,Houndstooth,0.0,0.6
1009,gs_mac10_snake,#PaintKit_gs_mac10_snake_Tag,Hot Snakes,0.0,1.0
1010,hy_phoenix_tags_lilac,#PaintKit_hy_phoenix_tags_lilac_Tag,Phoenix Chalk,0.0,0.8
1011,am_phoenix_tags_blue,#PaintKit_am_phoenix_tags_blue_Tag,Phoenix Marker,0.0,0.6
1012,hy_phoenix_tags_red,#PaintKit_hy_phoenix_tags_red_Tag,Phoenix Stencil,0.0,0.65
1013,sp_phoenix_tags_purple,#PaintKit_sp_phoenix_tags_purple_Tag,Phoenix Blacklight,0.0,0.7
1014,hy_tigers_tan,#PaintKit_hy_tigers_tan_Tag,Clay Ambush,0.0,0.6
1015,am_tigers_brown,#PaintKit_am_tigers_brown_Tag,Tiger Pit,0.0,0.5
1016,cu_money_glock,#PaintKit_cu_money_Tag,Franklin,0.0,0.4
1017,am_m4a1s_bluesmoke,#PaintKit_am_m4a1s_bluesmoke_Tag,Blue Phosphor,0.0,0.08
1018,cu_ak_jaguar,#PaintKit_cu_ak_jaguar_Tag,Panthera onca,0.0,1.0
1019,am_black_panther,#PaintKit_am_black_panther_Tag,Panther Camo,0.0,0.5
1020,aa_ancient_brown,#PaintKit_aa_ancient_brown_Tag,Ancient Earth,0.0,0.5
1021,am_ancient_warm,#PaintKit_am_ancient_warm_Tag,Ancient Lore,0.0,0.5
1022,aa_ruins_green,#PaintKit_aa_ruins_green_Tag,Lush Ruins,0.0,0.7
1023,hy_drywood_green,#PaintKit_hy_drywood_green_Tag,Tall Grass,0.0,0.65
1024,hy_ancient_tiles_peach,#PaintKit_hy_ancient_tiles_peach_Tag,Blast From the Past,0.0,0.65
1025,am_gold_brick,#PaintKit_am_gold_brick_Tag,Gold Brick,0.0,0.7
1026,aa_awp_fade,#PaintKit_aa_fade_Tag,Fade,0.0,0.08
1027,am_intelligence_magenta,#PaintKit_am_intelligence_magenta_Tag,Target Acquired,0.0,0.5
1028,hy_authority_purple,#PaintKit_hy_authority_purple_Tag,Magna Carta,0.0,0.6
1029,am_tigers_blue,#PaintKit_am_tigers_blue_Tag,Silk Tiger,0.0,0.6
1030,hy_p250_tiger,#PaintKit_hy_tiger_Tag,Bengal Tiger,0.06,0.8
1031,sp_ancient_bright,#PaintKit_sp_ancient_bright_Tag,Ancient Visions,0.0,0.45
1032,hy_ruins_red,#PaintKit_hy_ruins_red_Tag,Dusk Ruins,0.0,0.6
1033,am_jade,#PaintKit_am_jade_Tag,Carved Jade,0.0,0.2
1034,am_ancient_wine,#PaintKit_am_ancient_wine_Tag,Ancient Ritual,0.0,0.76
1035,gs_ak47_professional,#PaintKit_gs_ak47_professional_Tag,Slate,0.0,1.0
1036,cu_cz75_whirlwind,#PaintKit_cu_cz75_whirlwind_Tag,Circaetus,0.0,0.9
1037,cu_mp9_food_chain,#PaintKit_cu_mp9_food_chain_Tag,Food Chain,0.0,1.0
1038,cu_galil_chroma_pink,#PaintKit_cu_galil_chroma_pink_Tag,Chromatic Aberration,0.0,1.0
1039,gs_glock_polymer,#PaintKit_gs_glock_polymer_Tag,Clear Polymer,0.0,1.0
1040,gs_usps_hangedman,#PaintKit_gs_usps_hangedman_Tag,The Traitor,0.0,1.0
1041,cu_m4a4_love,#PaintKit_cu_m4a4_love_Tag,In Living Color,0.0,0.79
1042,gs_m249_combine,#PaintKit_gs_m249_combine_Tag,O.S.I.P.R.,0.0,0.7
1043,cu_negev_devtexture,#PaintKit_cu_negev_devtexture_Tag,dev_texture,0.0,0.65
1044,gs_p250_cybershell,#PaintKit_gs_p250_cybershell_Tag,Cyber Shell,0.0,0.85
1045,cu_mac10_portable,#PaintKit_cu_mac10_portable_Tag,Button Masher,0.0,1.0
1046,aq_xm1014_punk,#PaintKit_aq_xm1014_punk_Tag,XOXO,0.0,0.9
1047,gs_r8_rustking,#PaintKit_gs_r8_rustking_Tag,Junk Yard,0.0,1.0
1048,gs_sg553_deathmetal,#PaintKit_gs_sg553_deathmetal_Tag,Heavy Metal,0.0,1.0
1049,am_ump45_electrowave,#PaintKit_am_ump45_electrowave_Tag,Oscillator,0.0,0.5
1050,cu_deag_trigger_discipline,#PaintKit_cu_deag_trigger_discipline_Tag,Trigger Discipline,0.0,0.97
1051,sp_nova_wind_dispersal,#PaintKit_sp_nova_wind_dispersal_Tag,Windblown,0.0,0.5
1052,cu_ssg08_scorpion,#PaintKit_cu_ssg08_scorpion_Tag,Death Strike,0.0,0.8
1053,am_nuclear_pattern4_famas,#PaintKit_am_nuclear_pattern4_famas_Tag,Meltdown,0.0,0.4
1054,aq_deagle_case_hardened_2,#PaintKit_aq_case_hardened_2_Tag,Heat Treated,0.0,1.0
1055,aa_spacerace_orange,#PaintKit_aa_spacerace_orange_Tag,Space Race,0.0,0.6
1056,sp_spacerace_blue,#PaintKit_sp_spacerace_blue_Tag,Sputnik,0.0,0.5
1058,hy_technowar_rwb,#PaintKit_hy_technowar_rwb_Tag,POP AWP,0.0,0.44
1059,sp_technowar_red,#PaintKit_sp_technowar_red_Tag,Fizzy POP,0.0,0.57
1060,hy_trainarchitect_green,#PaintKit_hy_trainarchitect_green_Tag,Spring Twilly,0.0,0.55
1061,hy_trainarchitect,#PaintKit_hy_trainarchitect_Tag,Autumn Twilly,0.0,0.58
1062,hy_overpass_paintover_teal,#PaintKit_hy_overpass_paintover_teal_Tag,Midnight Paintover,0.0,0.5
1063,gs_m4a4_coalition,#PaintKit_gs_m4a4_coalition_Tag,The Coalition,0.0,1.0
1064,gs_train_cz75,#PaintKit_gs_train_cz75_Tag,Syndicate,0.0,0.7
1065,so_whiteout_riptide,#PaintKit_so_whiteout_Tag,Whiteout,0.0,1.0
1066,aa_wiring_yellow,#PaintKit_aa_wiring_yellow_Tag,Faulty Wiring,0.0,0.5
1067,cu_mac10_propaganda,#PaintKit_cu_mac10_propaganda_Tag,Propaganda,0.0,0.62
1070,hy_ak47lam_green,#PaintKit_hy_ak47lam_green_Tag,Green Laminate,0.02,0.4
1071,sp_galil_caution,#PaintKit_sp_galil_caution_Tag,CAUTION!,0.0,0.55
1072,hy_geometric_steps_pearl,#PaintKit_hy_geometric_steps_pearl_Tag,Prism Terrace,0.0,0.37
1073,gs_m4a1_vertigo,#PaintKit_gs_m4a1_vertigo_Tag,Imminent Danger,0.0,0.8
1074,hy_vertigogeo,#PaintKit_hy_vertigogeo_Tag,Schematic,0.0,0.5
1075,hy_vertigospray_blue,#PaintKit_hy_vertigospray_blue_Tag,Strats,0.0,0.6
1076,hy_vertigoillusion,#PaintKit_hy_vertigoillusion_Tag,Framework,0.0,0.8
1077,hy_vertigoillusion_yellow,#PaintKit_hy_vertigoillusion_yellow_Tag,Interlock,0.0,0.5
1078,sp_tire_tread_blue,#PaintKit_sp_tire_tread_blue_Tag,Blue Tire,0.0,0.55
1079,sp_tire_tread_red,#PaintKit_sp_tire_tread_red_Tag,Red Tire,0.0,0.55
1080,hy_vertigospray,#PaintKit_hy_vertigospray_Tag,Infrastructure,0.0,0.49
1081,aa_vertigogeo_neon,#PaintKit_aa_vertigogeo_neon_Tag,Digital Architect,0.0,0.49
1082,cu_vertigo_fiveseven,#PaintKit_cu_vertigo_fiveseven_Tag,Fall Hazard,0.01,0.52
1083,aa_wiring,#PaintKit_aa_wiring_Tag,Breaker Box,0.0,0.44
1084,cu_sg553_caution,#PaintKit_cu_sg553_caution_Tag,Hazard Pay,0.0,0.48
1085,aa_engine_performance,#PaintKit_aa_engine_performance_Tag,Mechanism,0.0,0.49
1086,sp_engine_dirty,#PaintKit_sp_engine_dirty_Tag,Oil Change,0.0,0.5
1087,gs_ak47_abstract,#PaintKit_gs_ak47_abstract_Tag,Leet Museo,0.0,0.65
1088,gs_aug_plague,#PaintKit_gs_aug_plague_Tag,Plague,0.0,0.76
1089,gs_mag7_bismuth,#PaintKit_gs_mag7_bismuth_Tag,BI83 Spectrum,0.0,0.6
1090,cu_deagle_kitch,#PaintKit_cu_deagle_kitch_Tag,Ocean Drive,0.0,1.0
1091,gs_dual_berettas_tread,#PaintKit_gs_dual_berettas_tread_Tag,Tread,0.0,1.0
1092,cu_famas_spectron,#PaintKit_cu_famas_spectron_Tag,ZX Spectron,0.0,1.0
1093,gs_five_seven_efusion,#PaintKit_gs_five_seven_efusion_Tag,Boost Protocol,0.0,0.41
1094,aa_mp9_fuji_pink,#PaintKit_aa_mp9_fuji_pink_Tag,Mount Fuji,0.0,0.55
1095,cu_g3sg1_tacticalmap,#PaintKit_cu_g3sg1_tacticalmap_Tag,Keeping Tabs,0.0,0.7
1096,cu_mp7_khaki,#PaintKit_cu_mp7_khaki_Tag,Guerrilla,0.0,1.0
1097,gs_m4_flowers,#PaintKit_gs_m4_flowers_Tag,Spider Lily,0.0,1.0
1098,cu_mac10_toybox,#PaintKit_cu_mac10_toybox_Tag,Toybox,0.0,1.0
1099,gs_bizon_flasher,#PaintKit_gs_bizon_flasher_Tag,Lumen,0.0,0.77
1100,cu_glock_snackattack,#PaintKit_cu_glock_snackattack_Tag,Snack Attack,0.0,1.0
1101,cu_ssg_overtake,#PaintKit_cu_ssg_overtake_Tag,Turbo Peek,0.0,0.6
1102,cu_usp_black_lotus,#PaintKit_cu_usp_black_lotus_Tag,Black Lotus,0.0,0.9
1103,gs_xm1014_watchdog,#PaintKit_gs_xm1014_watchdog_Tag,Watchdog,0.0,1.0
1104,cu_bowie_lore,#Paintkit_cu_lore_Tag,Lore,0.0,1.0
1105,cu_butterfly_lore,#Paintkit_cu_lore_Tag,Lore,0.0,1.0
1106,cu_falchion_lore,#Paintkit_cu_lore_Tag,Lore,0.0,0.65
1107,cu_huntsman_lore,#Paintkit_cu_lore_Tag,Lore,0.0,0.65
1108,cu_push_lore,#Paintkit_cu_lore_Tag,Lore,0.0,1.0
1109,gs_bowie_black_laminate,#Paintkit_cu_stonewash_Tag,Black Laminate,0.0,1.0
1110,gs_butterfly_black_laminate,#Paintkit_cu_stonewash_Tag,Black Laminate,0.0,1.0
1111,gs_falchion_black_laminate,#Paintkit_cu_stonewash_Tag,Black Laminate,0.0,1.0
1112,gs_huntsman_black_laminate,#Paintkit_cu_stonewash_Tag,Black Laminate,0.0,1.0
1113,gs_push_black_laminate,#Paintkit_cu_stonewash_Tag,Black Laminate,0.0,1.0
1114,gs_bowie_autotronic,#PaintKit_gs_autotronic_Tag,Autotronic,0.0,0.85
1115,gs_butterfly_autotronic,#PaintKit_gs_autotronic_Tag,Autotronic,0.0,0.85
1116,gs_falchion_autotronic,#PaintKit_gs_autotronic_Tag,Autotronic,0.0,0.85
1117,gs_huntsman_autotronic,#PaintKit_gs_autotronic_Tag,Autotronic,0.0,0.85
1118,gs_push_autotronic,#PaintKit_gs_autotronic_Tag,Autotronic,0.0,0.85
1119,am_emerald_marbleized_glock,#PaintKit_am_marbleized_g_Tag,Gamma Doppler,0.0,0.5
1120,am_gamma_doppler_phase1_glock,#PaintKit_am_marbleized_g_Tag,Gamma Doppler,0.0,0.5
1121,am_gamma_doppler_phase2_glock,#PaintKit_am_marbleized_g_Tag,Gamma Doppler,0.0,0.5
1122,am_gamma_doppler_phase3_glock,#PaintKit_am_marbleized_g_Tag,Gamma Doppler,0.0,0.5
1123,am_gamma_doppler_phase4_glock,#PaintKit_am_marbleized_g_Tag,Gamma Doppler,0.0,0.5
1125,cu_bizon_spacecat,#PaintKit_cu_bizon_spacecat_Tag,Space Cat,0.0,0.67
1126,cu_elites_beware,#PaintKit_cu_elites_beware_Tag,Melondrama,0.0,1.0
1127,gs_famas_rapid_eyes,#PaintKit_gs_famas_rapid_eyes_Tag,Rapid Eye Movement,0.0,1.0
1128,cu_fiveseven_alpha_omega,#PaintKit_cu_fiveseven_alpha_omega_Tag,Scrawl,0.0,1.0
1129,cu_g3sg1_glade,#PaintKit_cu_g3sg1_glade_Tag,Dream Glade,0.0,1.0
1130,gs_m4a1s_insomnia,#PaintKit_gs_m4a1s_insomnia_Tag,Night Terror,0.0,0.7
1131,cu_mac10_pixie,#PaintKit_cu_mac10_pixie_Tag,Ensnared,0.0,0.9
1132,cu_mag7_predictor,#PaintKit_cu_mag7_predictor_Tag,Foresight,0.0,0.7
1133,cu_mp7_fear,#PaintKit_cu_mp7_fear_Tag,Abyssal Apparition,0.0,1.0
1134,gs_mp9_starlight,#PaintKit_gs_mp9_starlight_Tag,Starlight Protector,0.0,0.8
1135,am_xm_zombie_offensive,#PaintKit_am_xm_zombie_offensive_Tag,Zombie Offensive,0.0,0.5
1136,cu_usp_to_hell,#PaintKit_cu_usp_to_hell_Tag,Ticket to Hell,0.0,0.76
1137,gs_mp5_kid_necronomicon,#PaintKit_gs_mp5_kid_necronomicon_Tag,Necro Jr.,0.0,1.0
1138,cu_p2k_flying_dream,#PaintKit_cu_p2k_flying_dream_Tag,Lifted Spirits,0.0,1.0
1139,sp_scar_chickenfight,#PaintKit_sp_scar_chickenfight_Tag,Poultrygeist,0.0,0.57
1140,cu_sawedoff_ouija,#PaintKit_cu_sawedoff_ouija_Tag,Spirit Board,0.0,1.0
1141,cu_ak47_nightwish,#PaintKit_cu_ak47_nightwish_Tag,Nightwish,0.0,1.0
1142,cu_usp_printstream,#PaintKit_cu_printstream_Tag,Printstream,0.0,0.85
1143,cu_ak47_cogthings,#PaintKit_cu_ak47_cogthings_Tag,Ice Coaled,0.0,0.77
1144,cu_awp_chroma_pink,#PaintKit_cu_awp_chroma_pink_Tag,Chromatic Aberration,0.0,0.7
1145,gs_revolver_purple_elite,#PaintKit_gs_revolver_purple_elite_Tag,Crazy 8,0.0,1.0
1146,gs_famas_corp_meow,#PaintKit_gs_famas_corp_meow_Tag,Meow 36,0.0,1.0
1147,cu_galil_destroyer,#PaintKit_cu_galil_destroyer_Tag,Destroyer,0.0,0.7
1148,cu_m249_downvote,#PaintKit_cu_m249_downvote_Tag,Downtown,0.0,0.65
1149,cu_m4a4_elite_tactical,#PaintKit_cu_m4a4_elite_tactical_Tag,Poly Mag,0.0,1.0
1150,cu_mac10_monkeyflage,#PaintKit_cu_mac10_monkeyflage_Tag,Monkeyflage,0.0,1.0
1151,cu_sg553_cyber_dragon,#PaintKit_cu_sg553_cyber_dragon_Tag,Dragon Tech,0.0,0.7
1152,cu_negev_clear_sky,#PaintKit_cu_negev_clear_sky_Tag,Drop Me,0.0,1.0
1153,gs_p250_visions,#PaintKit_gs_p250_visions_Tag,Visions,0.0,0.7
1154,gs_p90_tangled,#PaintKit_gs_p90_tangled_Tag,Vent Rush,0.0,0.7
1155,cu_sawedoff_kisslove,#PaintKit_cu_sawedoff_kisslove_Tag,Kiss♥Love,0.0,1.0
1156,cu_dual_elites_evil_flora,#PaintKit_cu_dual_elites_evil_flora_Tag,Flora Carnivora,0.0,1.0
1157,gs_ump_roadblock,#PaintKit_gs_ump_roadblock_Tag,Roadblock,0.0,1.0
1158,gs_glock_elite_camo,#PaintKit_gs_glock_elite_camo_Tag,Winterized,0.0,1.0
1159,tec9_junkyard_engineering,#PaintKit_tec9_junkyard_engineering_Tag,Slag,0.0,0.9
1160,sawedoff_gamer,#PaintKit_sawedoff_gamer_Tag,Analog Input,0.0,0.61886
1161,ssg08_dezastre,#PaintKit_gs_dual_elites_dezastre_Tag,Dezastre,0.0,1.0
1162,nova_drakkar,#PaintKit_nova_drakkar_Tag,Dark Sigil,0.0,0.698529
1163,mp7_just_smile,#PaintKit_mp7_just_smile_Tag,Just Smile,0.0,1.0
1164,mac10_illusion,#PaintKit_mac10_illusion_Tag,Light Box,0.0,1.0
1165,m4a4_snakebite,#PaintKit_m4a4_snakebite_Tag,Etch Lord,0.0,1.0
1166,m4a1s_black_lotus,#PaintKit_cu_usp_black_lotus_Tag,Black Lotus,0.0,0.7
1167,glock_brick_mondrian,#PaintKit_glock_brick_mondrian_Tag,Block-18,0.0,0.671875
1168,fiveseven_hybrid,#PaintKit_fiveseven_hybrid_Tag,Hybrid,0.0,1.0
1169,dual_berettas_lethal_grin,#PaintKit_dual_berettas_lethal_grin_Tag,Hideout,0.0,0.698529
1170,awp_tempered,#PaintKit_awp_tempered_Tag,Chrome Cannon,0.0,1.0
1171,ak_porcelain,#PaintKit_ak_porcelain_Tag,Inheritance,0.0,0.797346
1172,zeus_thunder_god,#PaintKit_zeus_thunder_god_Tag,Olympus,0.0,0.67
1173,usps_doggy,#PaintKit_usps_doggy_Tag,Jawbreaker,0.0,1.0
1174,xm1014_irezumi,#PaintKit_xm1014_irezumi_Tag,Irezumi,0.0,0.799353
1175,ump45_assembled_engine,#PaintKit_ump45_assembled_engine_Tag,Motorized,0.0,0.801418
1177,aa_fade_m4a1s,#PaintKit_aa_fade_Tag,Fade,0.0,0.08
1178,aq_titanium_rainbow_galilar,#PaintKit_aq_titanium_rainbow_Tag,Rainbow Spoon,0.0,0.554422
1179,ht_poly_camo_ak47,#PaintKit_ht_poly_camo_Tag,Olive Polycam,0.0,0.5
1180,mp5_statics_blue,#PaintKit_mp5_statics_blue_Tag,Statics,0.0,1.0
1181,p2k_fractal,#PaintKit_p2k_fractal_Tag,Sure Grip,0.0,0.9
1182,xm1014_mockingbird,#PaintKit_xm1014_mockingbird_Tag,Mockingbird,0.0,1.0
1183,zeus_tosai,#PaintKit_zeus_tosai_Tag,Tosai,0.0,0.7
1184,famas_badtrip,#PaintKit_famas_badtrip_Tag,Bad Trip,0.0,1.0
1185,galil_control_strike,#PaintKit_galil_control_strike_Tag,Control,0.0,0.798995
1186,usps_bruteforce_green,#PaintKit_usps_bruteforce_green_Tag,PC-GRN,0.0,0.9
1187,ssg08_brutalist,#PaintKit_ssg08_brutalist_Tag,Memorial,0.0,1.0
1188,mag7_ammo_box,#PaintKit_mag7_ammo_box_Tag,Resupply,0.0,1.0
1189,deagle_snake_pattern,#PaintKit_deagle_snake_pattern_Tag,Serpent Strike,0.0,0.57
1190,p90_boost_blue,#PaintKit_p90_boost_blue_Tag,Wave Breaker,0.0,0.950549
1192,nova_rising_sun,#PaintKit_nova_rising_sun_Tag,Rising Sun,0.0,1.0
1193,mp9_nexus,#PaintKit_mp9_nexus_Tag,Nexus,0.0,1.0
1194,ump45_old_cartoon,#PaintKit_ump45_old_cartoon_Tag,K.O. Factory,0.0,1.0
1195,am_carbon_fiber_cz75,#PaintKit_am_carbon_fiber_cz75_Tag,Copper Fiber,0.0,0.563291
1198,aug_cold_sentinel,#PaintKit_aug_cold_sentinel_Tag,Steel Sentinel,0.0,1.0
1199,p90_steelcraft,#PaintKit_p90_steelcraft_Tag,Straight Dimes,0.0,1.0
1200,glock_train_green,#PaintKit_glock_train_green_Tag,Green Line,0.0,1.0
1201,xm1014_freight,#PaintKit_xm1014_freight_Tag,Run Run Run,0.0,0.746575
1202,gs_train_car_famas,#PaintKit_gs_train_car_famas_Tag,2A2F,0.0,0.86
1203,ump_transit,#PaintKit_ump_transit_Tag,Late Night Transit,0.0,1.0
1204,mac10_train_crash,#PaintKit_mac10_train_crash_Tag,Derailment,0.0,0.7
1205,zeus_standard_issue,#PaintKit_zeus_standard_issue_Tag,Charged Up,0.0,1.0
1206,awp_printstream,#PaintKit_cu_printstream_Tag,Printstream,0.0,1.0
1207,ak47_explosive,#PaintKit_ak47_explosive_Tag,Searing Rage,0.0,1.0
1208,glock_shinobu,#PaintKit_glock_shinobu_Tag,Shinobu,0.0,1.0
1209,cu_m4a4_train_hell,#PaintKit_cu_m4a4_train_hell_Tag,Hellish,0.0,1.0
1210,m4a4_green_camo,#PaintKit_m4a4_green_camo_Tag,Choppa,0.0,1.0
1211,cu_mp9_latte,#PaintKit_cu_mp9_latte_Tag,Latte Rush,0.0,1.0
1212,brutalist_architecture,#PaintKit_brutalist_architecture_Tag,Constructivist,0.0,0.35
1213,awp_longdog,#PaintKit_awp_longdog_Tag,LongDog,0.0,1.0
1214,so_whiteout_tec9,#PaintKit_so_whiteout_Tag,Whiteout,0.06,1.0
1215,soch_mountains_limited_time,#PaintKit_soch_mountains_xm1014_Tag,Solitude,0.0,0.7
1216,cue_stratosphere,#PaintKit_cue_stratosphere_Tag,Stratosphere,0.0,0.8
1217,soe_blue_and_gold,#PaintKit_soe_blue_and_gold_Tag,Royal Guard,0.0,0.6
1218,soe_iridescent_purple,#PaintKit_soe_iridescent_purple_Tag,Midnight Laminate,0.0,0.75
1219,soe_blue_famas,#PaintKit_soe_blue_famas_Tag,Yeti Camo,0.0,0.7
1220,cu_mag7_insomnia,#PaintKit_cu_mag7_insomnia_Tag,Insomnia,0.0,1.0
1221,cu_ak_head_shot_holo,#PaintKit_cu_ak_head_shot_holo_Tag,Head Shot,0.0,1.0
1222,gs_awp_limbo_snake,#PaintKit_gs_awp_limbo_snake_Tag,Duality,0.0,0.8
1223,cu_m4a1s_feeding_frenzy,#PaintKit_cu_m4a1s_feeding_frenzy_Tag,Emphorosaur-S,0.0,0.8
1224,cu_p2000_decline,#PaintKit_cu_p2000_decline_Tag,Wicked Sick,0.0,1.0
1225,cu_mp9_superlight,#PaintKit_cu_mp9_superlight_Tag,Featherweight,0.0,1.0
1226,gs_scar_fragments_black,#PaintKit_gs_scar_fragments_black_Tag,Fragments,0.0,0.78
1227,cu_glock_moon_rabbit,#PaintKit_cu_glock_moon_rabbit_Tag,Umbral Rabbit,0.0,0.75
1228,cu_m4a4_temukau,#PaintKit_cu_m4a4_temukau_Tag,Temukau,0.0,0.8
1229,cu_mac10_sakkaku,#PaintKit_cu_mac10_sakkaku_Tag,Sakkaku,0.21,0.79
1230,cu_p250_rebuilt,#PaintKit_cu_p250_rebuilt_Tag,Re.built,0.0,0.9
1231,cu_mp5sd_quick_liquidation,#PaintKit_cu_mp5sd_quick_liquidation_Tag,Liquidation,0.0,1.0
1232,gs_r8_banana,#PaintKit_gs_r8_banana_Tag,Banana Cannon,0.0,1.0
1233,gs_p90_neoqueen,#PaintKit_gs_p90_neoqueen_Tag,Neoqueen,0.0,0.6
1234,cu_sg553_cyberforce,#PaintKit_cu_sg553_cyberforce_Tag,Cyberforce,0.0,0.9
1235,cu_tec9_freedom,#PaintKit_cu_tec9_freedom_Tag,Rebel,0.0,1.0
1236,cu_ump_clutch_kick,#PaintKit_cu_ump_clutch_kick_Tag,Wild Child,0.0,1.0
1237,gs_revolver_acanthus_bronze,#PaintKit_gs_revolver_acanthus_bronze_Tag,Inlay,0.0,0.76
1238,gs_ak47_strone,#PaintKit_gs_ak47_strone_Tag,Steel Delta,0.0,0.73
1239,gs_awp_strone,#PaintKit_gs_awp_strone_Tag,Black Nile,0.0,0.75
1240,cu_glock_ramzes,#PaintKit_cu_glock_ramzes_Tag,Ramese's Reach,0.0,1.0
1241,cu_famas_holo_ocean,#PaintKit_cu_famas_holo_ocean_Tag,Waters of Nephthys,0.0,0.7
1242,cu_m249_scarab,#PaintKit_cu_m249_scarab_Tag,Submerged,0.02,0.8
1243,gs_m4a1s_milspec,#PaintKit_gs_m4a1s_milspec_Tag,Mud-Spec,0.0,0.73
1244,cu_mac10_scarab,#PaintKit_cu_mac10_scarab_Tag,Echoing Sands,0.02,0.8
1245,gs_mag7_goold,#PaintKit_gs_mag7_goold_Tag,Copper Coated,0.0,1.0
1246,gs_mp7_strone,#PaintKit_gs_mp7_strone_Tag,Sunbaked,0.0,1.0
1247,gs_nova_sobek,#PaintKit_gs_nova_sobek_Tag,Sobek's Bite,0.0,1.0
1248,gs_p250_apep,#PaintKit_gs_p250_apep_Tag,Apep's Curse,0.0,1.0
1249,hy_dune_trap,#PaintKit_hy_dune_trap_Tag,Snake Pit,0.0,0.55
1250,cu_p90_scarab_of_wisdom,#PaintKit_cu_p90_scarab_of_wisdom_Tag,ScaraB Rush,0.0,1.0
1251,gs_ssg08_anubis,#PaintKit_gs_ssg08_anubis_Tag,Azure Glyph,0.01,0.99
1252,cu_tec9_mummy,#PaintKit_cu_tec9_mummy_Tag,Mummy's Rot,0.0,1.0
1253,gs_usps_tactical_camo,#PaintKit_gs_usps_tactical_camo_Tag,Desert Tactical,0.0,1.0
1254,cu_xm1014_pharaoh,#PaintKit_cu_xm1014_pharaoh_Tag,Hieroglyph,0.0,1.0
1255,gs_m4a4_ra,#PaintKit_gs_m4a4_ra_Tag,Eye of Horus,0.0,0.7
1256,hye_coral,#PaintKit_hye_coral_Tag,Reef Grief,0.0,0.6
1257,ht_earth_fans,#PaintKit_ht_earth_fans_Tag,Mint Fan,0.0,0.6
1258,hye_blue_paisley,#PaintKit_hye_blue_paisley_Tag,Cobalt Paisley,0.0,0.65
1259,spe_scarf_print,#PaintKit_spe_scarf_print_Tag,Royal Baroque,0.0,0.6
1260,soe_berry,#PaintKit_soe_berry_Tag,Sour Grapes,0.0,0.8
1261,soo_acrylic_flow_turquoise,#PaintKit_soo_acrylic_flow_turquoise_Tag,Turquoise Pour,0.0,0.678431
1262,soe_blue_and_chrome,#PaintKit_soe_blue_and_chrome_Tag,Sky Blue,0.0,0.6
1263,soo_rose_gold,#PaintKit_soo_rose_gold_Tag,Rose Nacre,0.0,0.7
1264,soe_robinsegg,#PaintKit_soe_robinsegg_Tag,Robin's Egg,0.0,0.6
1265,hye_topo,#PaintKit_hye_topo_Tag,Ocean Topo,0.0,0.6
1266,hye_blue_m4a4,#PaintKit_hye_blue_m4a4_Tag,Naval Shred Camo,0.0,0.6
1267,hye_drippy_camo,#PaintKit_hye_drippy_camo_Tag,Gum Wall Camo,0.0,0.6
1268,soe_electric_blue,#PaintKit_soe_electric_blue_Tag,Electric Blue,0.0,0.75
1269,soo_mac10_blueberry,#PaintKit_soo_mac10_blueberry_Tag,Storm Camo,0.0,0.637288
1270,soo_blues,#PaintKit_soo_blues_Tag,Night Camo,0.0,0.795222
1271,soch_blorb_bw,#PaintKit_soch_blorb_bw_Tag,Grey Smoke,0.0,0.6
1272,gsch_ripple,#PaintKit_gsch_ripple_Tag,Runoff,0.0,0.780822
1273,sp_lace,#PaintKit_sp_lace_Tag,Plum Netting,0.0,0.6
1274,sp_lime_hex,#PaintKit_sp_lime_hex_Tag,Lime Hex,0.0,0.638225
1275,soch_blorb_bw_galilar,#PaintKit_soch_blorb_bw_Tag,Grey Smoke,0.0,0.6
1276,soch_indigo_grips,#PaintKit_soch_indigo_grips_Tag,Cobalt Grip,0.0,0.80339
1277,hy_usaf_round,#PaintKit_hy_usaf_round_Tag,Blue Tac,0.0,0.6
1278,ht_blue_edges,#PaintKit_ht_blue_edges_Tag,Buff Blue,0.0,0.7
1279,so_teal,#PaintKit_so_teal_Tag,Blue Blast,0.0,0.8
1280,cue_jump_line,#PaintKit_cue_jump_line_Tag,Green Energy,0.0,0.75
1281,spe_lightning,#PaintKit_spe_lightning_Tag,Sheet Lightning,0.0,0.75
1282,spe_missile,#PaintKit_spe_missile_Tag,Glockingbird,0.0,0.67
1283,soe_metallic_green_2,#PaintKit_soe_metallic_green_Tag,Wintergreen,0.0,0.75
1284,soe_tropical,#PaintKit_soe_tropical_Tag,Tropical Breeze,0.0,0.55
1285,hye_green_forest,#PaintKit_hye_green_forest_Tag,Poplar Thicket,0.0,0.68
1286,soe_snakeskin,#PaintKit_soe_snakeskin_Tag,Garter-9,0.0,0.7
1287,ht_copper_edges,#PaintKit_ht_copper_edges_Tag,Copperflage,0.0,0.6
1288,soe_varicamo,#PaintKit_soe_varicamo_Tag,VariCamo Grey,0.0,0.671875
1289,hye_tiger2,#PaintKit_hye_tiger2_Tag,Tiger Tear,0.0,0.55
1290,soch_marble_grips,#PaintKit_soch_marble_grips_Tag,Polished Malachite,0.0,0.8
1291,hye_zoom,#PaintKit_hye_zoom_Tag,Mustard Gas,0.0,0.63
1292,soe_teal_glitter,#PaintKit_soe_teal_glitter_Tag,Marsh,0.0,0.6
1293,aq_titanium_acid,#PaintKit_aq_titanium_acid_Tag,Leafhopper,0.0,0.65098
1294,hye_gold_camo,#PaintKit_hye_gold_camo_Tag,Gold Leaf,0.0,0.6
1295,hye_green_camo,#PaintKit_hye_green_camo_Tag,Acid Hex,0.0,0.58
1296,hye_yellow_usaf,#PaintKit_hye_yellow_usaf_Tag,Acid Dart,0.0,0.6
1297,hy_digicam_forest,#PaintKit_hy_digicam_forest_Tag,Swamp DDPAT,0.0,0.6
1298,hyo_jungle_desat,#PaintKit_hyo_jungle_desat_Tag,Sage Camo,0.0,0.6
1299,so_ceramic,#PaintKit_so_ceramic_Tag,Raw Ceramic,0.0,0.75
1300,so_ceramic_negev,#PaintKit_so_ceramic_Tag,Raw Ceramic,0.0,0.75
1301,soe_alpine_green,#PaintKit_soe_alpine_green_Tag,Pine,0.0,0.7
1302,spo_palm,#Paintkit_sp_palm_Tag,Palm,0.0,0.75
1303,soch_hueshift_desat,#PaintKit_soch_hueshift_desat_Tag,Green Swirl,0.0,0.7
1304,so_ceramic_green_ssg08,#PaintKit_so_ceramic_green_ssg08_Tag,Green Ceramic,0.0,0.75
1305,sp_khaki_camo,#PaintKit_sp_khaki_camo_Tag,Green Cell,0.0,0.65
1306,so_greyblue,#PaintKit_so_greyblue_Tag,Copper Oxide,0.0,0.65
1307,so_greyblue_p250,#PaintKit_so_greyblue_Tag,Copper Oxide,0.0,0.65
1308,hy_flecktarn,#PaintKit_hy_flecktarn_Tag,Commando Company,0.0,0.65
1309,hye_ak47_nouveau,#PaintKit_hye_ak47_nouveau_Tag,Nouveau Rouge,0.0,1.0
1310,hye_pink_tiger,#PaintKit_hye_pink_tiger_Tag,Shredded,0.0,0.6
1311,ht_abstract_wind,#PaintKit_ht_abstract_wind_Tag,Glitched Paint,0.0,0.67
1312,soe_roses,#PaintKit_soe_roses_Tag,Coral Bloom,0.0,0.752941
1313,ht_metal_edges,#PaintKit_ht_metal_edges_Tag,Steel Work,0.0,0.7
1314,soe_orange_flick,#PaintKit_soe_orange_flick_Tag,O-Ranger,0.0,0.75
1315,hye_pink_coral,#PaintKit_hye_pink_coral_Tag,Red Tide,0.0,0.75
1316,soo_acrylic_flow_pink,#PaintKit_soo_acrylic_flow_pink_Tag,Blush Pour,0.0,0.678431
1317,soe_yellow_swirl,#PaintKit_soe_yellow_swirl_Tag,Sedimentary,0.0,0.68
1318,soe_plum,#PaintKit_soe_plum_Tag,Mulberry,0.0,0.75
1319,hy_hexagon,#PaintKit_hy_hexagon_Tag,Rose Hex,0.0,0.5
1320,ht_orange_basket,#PaintKit_ht_orange_basket_Tag,Basket Halftone,0.0,0.6
1321,soo_famas_grey_ghost,#PaintKit_soo_famas_grey_ghost_Tag,Grey Ghost,0.0,0.637288
1322,soo_paint_splats_yellow,#PaintKit_soo_paint_splats_yellow_Tag,Citric Acid,0.0,0.6
1323,ht_red_edges,#PaintKit_ht_red_edges_Tag,Bleeding Edge,0.0,0.6
1324,hy_varicamo_simple_yellow,#PaintKit_hy_varicamo_simple_yellow_Tag,Arsenic Spill,0.0,0.501961
1325,hy_wood_grain_camo_red,#PaintKit_hy_wood_grain_camo_red_Tag,Wood Block Camo,0.0,0.6
1326,so_mustard,#PaintKit_so_mustard_Tag,Short Ochre,0.0,0.746575
1327,so_mustard_scar20,#PaintKit_so_mustard_Tag,Short Ochre,0.0,0.746575
1328,soo_g3sg1_tomato,#PaintKit_soo_g3sg1_tomato_Tag,Red Jasper,0.0,0.637288
1329,soe_pink_pearl,#PaintKit_soe_pink_pearl_Tag,Pink Pearl,0.0,0.7
1330,hy_mtp,#PaintKit_hy_mtp_Tag,Multi-Terrain,0.0,0.6
1331,soo_grass_photo_camo,#PaintKit_soo_grass_photo_camo_Tag,Marsh Grass,0.0,0.55
1332,ht_simple_camo,#PaintKit_ht_simple_camo_Tag,Desert Halftone,0.0,0.65
1333,hy_cloud_camo,#PaintKit_hy_cloud_camo_Tag,Canvas Cloud,0.0,0.6
1334,so_bronze_powder,#PaintKit_so_bronze_powder_Tag,Bronzer,0.0,0.8
1335,soch_acrylic_grips,#PaintKit_soch_acrylic_grips_Tag,BorDeux,0.0,0.8
1336,soo_branches,#PaintKit_soo_branches_Tag,Autumn Thicket,0.0,0.636986
1337,train_shapes_01,#PaintKit_train_shapes_01_Tag,Rain Station,0.0,0.35
1338,soch_mountains_m4a1s,#PaintKit_soch_mountains_xm1014_Tag,Solitude,0.0,0.7
9001,workshop_default,,,0.0,1.0
10006,bloodhound_black_silver,#PaintKit_bloodhound_black_silver_tag,Charred,0.0,1.0
10007,bloodhound_snakeskin_brass,#PaintKit_bloodhound_snakeskin_brass_tag,Snakebite,0.0,1.0
10008,bloodhound_metallic,#PaintKit_bloodhound_metallic_tag,Bronzed,0.0,1.0
10009,handwrap_leathery,#PaintKit_handwrap_leathery_tag,Leather,0.0,1.0
10010,handwrap_camo_grey,#PaintKit_handwrap_camo_grey_tag,Spruce DDPAT,0.0,1.0
10013,slick_black,#PaintKit_slick_black_tag,Lunar Weave,0.0,1.0
10015,slick_military,#PaintKit_slick_military_tag,Convoy,0.0,1.0
10016,slick_red,#PaintKit_slick_red_tag,Crimson Weave,0.0,1.0
10018,sporty_light_blue,#PaintKit_sporty_light_blue_tag,Superconductor,0.0,1.0
10019,sporty_military,#PaintKit_sporty_military_tag,Arid,0.0,1.0
10021,handwrap_red_slaughter,#PaintKit_handwrap_red_slaughter_tag,Slaughter,0.0,1.0
10024,motorcycle_basic_black,#PaintKit_motorcycle_basic_black_tag,Eclipse,0.0,1.0
10026,motorcycle_mint_triangle,#PaintKit_motorcycle_mint_triangle_tag,Spearmint,0.0,1.0
10027,motorcycle_mono_boom,#PaintKit_motorcycle_mono_boom_tag,Boom!,0.0,1.0
10028,motorcycle_triangle_blue,#PaintKit_motorcycle_triangle_blue_tag,Cool Mint,0.0,1.0
10030,specialist_ddpat_green_camo,#PaintKit_specialist_ddpat_green_camo_tag,Forest DDPAT,0.0,1.0
10033,specialist_kimono_diamonds_red,#PaintKit_specialist_kimono_diamonds_red_tag,Crimson Kimono,0.0,1.0
10034,specialist_emerald_web,#PaintKit_specialist_emerald_web_tag,Emerald Web,0.0,1.0
10035,specialist_orange_white,#PaintKit_specialist_white_orange_grey_tag,Foundation,0.0,1.0
10036,handwrap_fabric_orange_camo,#PaintKit_handwrap_fabric_orange_camo_tag,Badlands,0.0,1.0
10037,sporty_purple,#PaintKit_sporty_purple_tag,Pandora's Box,0.0,1.0
10038,sporty_green,#PaintKit_sporty_green_tag,Hedge Maze,0.0,1.0
10039,bloodhound_guerrilla,#PaintKit_bloodhound_guerrilla_tag,Guerrilla,0.0,1.0
10040,slick_snakeskin_yellow,#PaintKit_slick_snakeskin_yellow_tag,Diamondback,0.0,1.0
10041,slick_snakeskin_white,#PaintKit_slick_snakeskin_white_tag,King Snake,0.0,1.0
10042,slick_plaid_purple,#PaintKit_slick_plaid_purple_tag,Imperial Plaid,0.0,1.0
10043,slick_stitched_black_orange,#PaintKit_slick_stitched_black_orange_tag,Overtake,0.0,1.0
10044,slick_stitched_green_grey,#PaintKit_slick_slick_stitched_green_grey_tag,Racing Green,0.0,1.0
10045,sporty_poison_frog_blue_white,#PaintKit_sporty_poison_frog_blue_white_tag,Amphibious,0.0,1.0
10046,sporty_poison_frog_red_green,#PaintKit_sporty_poison_frog_red_green_tag,Bronze Morph,0.0,1.0
10047,sporty_black_webbing_yellow,#PaintKit_sporty_black_webbing_yellow_tag,Omega,0.0,1.0
10048,sporty_blue_pink,#PaintKit_sporty_blue_pink_tag,Vice,0.0,1.0
10049,motorcycle_choco_boom,#PaintKit_motorcycle_choco_boom_tag,POW!,0.0,1.0
10050,motorcycle_basic_green_orange,#PaintKit_motorcycle_basic_green_orange_tag,Turtle,0.0,1.0
10051,motorcycle_yellow_camo,#PaintKit_motorcycle_yellow_camo_tag,Transport,0.0,1.0
10052,motorcycle_trigrid_blue,#PaintKit_motorcycle_trigrid_blue_tag,Polygon,0.0,1.0
10053,handwrap_leathery_fabric_blue_skulls,#PaintKit_handwrap_leathery_fabric_blue_skulls_tag,Cobalt Skulls,0.0,1.0
10054,handwrap_leathery_fabric_geometric_blue,#PaintKit_handwrap_leathery_fabric_geometric_blue_tag,Overprint,0.0,1.0
10055,handwrap_leathery_ducttape,#PaintKit_handwrap_leathery_ducttape_tag,Duct Tape,0.0,1.0
10056,handwrap_leathery_fabric_green_camo,#PaintKit_handwrap_leathery_fabric_green_camo_tag,Arboreal,0.0,1.0
10057,bloodhound_hydra_black_green,#PaintKit_bloodhound_hydra_black_green_tag,Emerald,0.0,1.0
10058,bloodhound_hydra_green_leather_mesh_brass,#PaintKit_bloodhound_hydra_green_leather_mesh_brass_tag,Mangrove,0.0,1.0
10059,bloodhound_hydra_snakeskin_brass,#PaintKit_bloodhound_hydra_snakeskin_brass_tag,Rattler,0.0,1.0
10060,bloodhound_hydra_case_hardened,#PaintKit_bloodhound_hydra_case_hardened_tag,Case Hardened,0.0,1.0
10061,specialist_webs_red,#PaintKit_specialist_webs_red_tag,Crimson Web,0.0,1.0
10062,specialist_forest_brown,#PaintKit_specialist_forest_brown_tag,Buckshot,0.0,1.0
10063,specialist_fade,#PaintKit_specialist_fade_tag,Fade,0.0,1.0
10064,specialist_winterhex,#PaintKit_specialist_winterhex_tag,Mogul,0.0,1.0
10065,specialist_marble_fade,#PaintKit_specialist_marble_fade_tag,Marble Fade,0.0,1.0
10066,specialist_ricksaw_camo,#PaintKit_specialist_ricksaw_camo_tag,Lt. Commander,0.0,1.0
10067,specialist_tiger_orange,#PaintKit_specialist_tiger_orange_tag,Tiger Strike,0.0,1.0
10068,specialist_fbi,#PaintKit_specialist_fbi_tag,Field Agent,0.0,1.0
10069,slick_rezan,#PaintKit_slick_rezan_tag,Rezan the Red,0.0,1.0
10070,slick_jaguar_white,#PaintKit_slick_jaguar_white_tag,Snow Leopard,0.0,1.0
10071,slick_jaguar_yellow,#PaintKit_slick_jaguar_yellow_tag,Queen Jaguar,0.0,1.0
10072,slick_stitched_black_white,#PaintKit_slick_stitched_black_white_tag,Black Tie,0.0,1.0
10073,sporty_slingshot,#PaintKit_sporty_slingshot_tag,Slingshot,0.0,1.0
10074,sporty_hunter,#PaintKit_sporty_hunter_tag,Big Game,0.0,1.0
10075,sporty_houndstooth_red,#PaintKit_sporty_houndstooth_red_tag,Scarlet Shamagh,0.0,1.0
10076,sporty_jaguar,#PaintKit_sporty_jaguar_tag,Nocts,0.0,1.0
10077,motorcycle_checker_flag_blue_green,#PaintKit_motorcycle_checker_flag_blue_green_tag,Finish Line,0.0,1.0
10078,motorcycle_smoke,#PaintKit_motorcycle_smoke_tag,Smoke Out,0.0,1.0
10079,motorcycle_carbonfiber_red,#PaintKit_motorcycle_carbonfiber_red_tag,Blood Pressure,0.0,1.0
10080,motorcycle_commando_ksk,#PaintKit_motorcycle_commando_ksk_tag,3rd Commando Company,0.0,1.0
10081,handwrap_fabric_houndstooth_orange,#PaintKit_handwrap_fabric_houndstooth_orange_tag,Desert Shamagh,0.0,1.0
10082,handwrap_leathery_fabric_giraffe,#PaintKit_handwrap_leathery_fabric_giraffe_tag,Giraffe,0.0,1.0
10083,handwrap_leathery_snakeskin_orange,#PaintKit_handwrap_leathery_snakeskin_orange_tag,Constrictor,0.0,1.0
10084,handwrap_leathery_caution,#PaintKit_handwrap_leathery_caution_tag,CAUTION!,0.0,1.0
10085,operation10_metalic_green,#PaintKit_operation10_metalic_green_tag,Jade,0.0,1.0
10086,operation10_poison_frog_black_yellow,#PaintKit_operation10_poison_frog_black_yellow_tag,Yellow-banded,0.0,1.0
10087,operation10_floral,#PaintKit_operation10_floral_tag,Needle Point,0.0,1.0
10088,operation10_snakeskin_black,#PaintKit_operation10_snakeskin_black_tag,Unhinged,0.0,1.0
