Arma,Coleccion,Grado,FloatMin,FloatMax
AK-47 | Aquamarine Revenge,The Falchion Collection,covert,0.0,1.0
AK-47 | Asiimov,The Danger Zone Collection,covert,0.05,0.7
AK-47 | B the Monster,The Overpass 2024 Collection,covert,0.0,0.8
AK-47 | Baroque Purple,The Canals Collection,industrial,0.0,1.0
AK-47 | Black Laminate,The Vertigo Collection,mil-spec,0.0,1.0
AK-47 | Bloodsport,The Spectrum Collection,covert,0.0,0.45
AK-47 | Blue Laminate,The eSports 2013 Winter Collection,restricted,0.02,0.4
AK-47 | Cartel,The Chroma Collection,classified,0.0,0.75
AK-47 | Case Hardened,The Arms Deal Collection,classified,0.0,1.0
AK-47 | Crossfade,The Graphic Design Collection,mil-spec,0.0,0.5
AK-47 | Elite Build,The Chroma 2 Collection,mil-spec,0.0,1.0
AK-47 | Emerald Pinstripe,The Bank Collection,restricted,0.0,1.0
AK-47 | Fire Serpent,The Bravo Collection,covert,0.0,0.76
AK-47 | First Class,The Baggage Collection,restricted,0.0,1.0
AK-47 | Frontside Misty,The Shadow Collection,classified,0.02,0.87
AK-47 | Fuel Injector,The Wildfire Collection,covert,0.0,1.0
AK-47 | Gold Arabesque,The 2021 Dust 2 Collection,covert,0.0,0.7
AK-47 | Green Laminate,The 2021 Vertigo Collection,mil-spec,0.02,0.4
AK-47 | Head Shot,The Revolution Collection,covert,0.0,1.0
AK-47 | Hydroponic,The Rising Sun Collection,classified,0.0,0.8
AK-47 | Ice Coaled,The Recoil Collection,classified,0.0,0.77
AK-47 | Inheritance,The Kilowatt Collection,covert,0.0,0.797346
AK-47 | Jaguar,The eSports 2014 Summer Collection,covert,0.0,1.0
AK-47 | Jet Set,The Baggage Collection,classified,0.0,1.0
AK-47 | Jungle Spray,The Aztec Collection,industrial,0.0,1.0
AK-47 | Leet Museo,The Operation Riptide Collection,covert,0.0,0.65
AK-47 | Legion of Anubis,The Fracture Collection,covert,0.0,0.7
AK-47 | Midnight Laminate,The Ascent Collection,restricted,0.0,0.75
AK-47 | Neon Revolution,#CSGO_set_gamma_2,covert,0.0,0.8
AK-47 | Neon Rider,The Horizon Collection,covert,0.0,0.8
AK-47 | Nightwish,The Dreams & Nightmares Collection,covert,0.0,1.0
AK-47 | Nouveau Rouge,The Radiant Collection,classified,0.0,1.0
AK-47 | Olive Polycam,The Sport & Field Collection,industrial,0.0,0.5
AK-47 | Orbit Mk01,The Operation Hydra Collection,restricted,0.0,0.55
AK-47 | Panthera onca,The Ancient Collection,classified,0.0,1.0
AK-47 | Phantom Disruptor,The Prisma 2 Collection,classified,0.0,0.65
AK-47 | Point Disarray,The Revolver Case Collection,classified,0.0,0.67
AK-47 | Predator,The Dust Collection,industrial,0.0,1.0
AK-47 | Rat Rod,The Shattered Web Collection,restricted,0.0,1.0
AK-47 | Red Laminate,The eSports 2013 Collection,classified,0.0,1.0
AK-47 | Redline,The Phoenix Collection,classified,0.1,0.7
AK-47 | Safari Mesh,The Dust 2 Collection,industrial,0.0,1.0
AK-47 | Safety Net,The 2018 Inferno Collection,restricted,0.0,0.6
AK-47 | Searing Rage,The Fever Collection,classified,0.0,1.0
AK-47 | Slate,The Snakebite Collection,restricted,0.0,1.0
AK-47 | Steel Delta,The Anubis Collection,mil-spec,0.0,0.73
AK-47 | The Empress,The Spectrum 2 Collection,covert,0.0,1.0
AK-47 | The Outsiders,The Gallery Collection,classified,0.0,0.9
AK-47 | Uncharted,The Prisma Collection,mil-spec,0.0,0.75
AK-47 | VariCamo Grey,The Boreal Collection,industrial,0.0,0.671875
AK-47 | Vulcan,The Huntsman Collection,covert,0.0,0.9
AK-47 | Wasteland Rebel,The Vanguard Collection,covert,0.05,0.7
AK-47 | Wild Lotus,The St. Marc Collection,covert,0.0,1.0
AK-47 | Wintergreen,The Boreal Collection,mil-spec,0.0,0.75
AK-47 | X-Ray,The Havoc Collection,covert,0.0,1.0
AUG | Akihabara Accept,The Rising Sun Collection,covert,0.0,1.0
AUG | Amber Fade,The 2021 Train Collection,mil-spec,0.0,0.4
AUG | Amber Slipstream,The Horizon Collection,mil-spec,0.0,0.55
AUG | Anodized Navy,The Alpha Collection,mil-spec,0.0,0.08
AUG | Arctic Wolf,The Shattered Web Collection,restricted,0.0,0.7
AUG | Aristocrat,The Gamma Collection,restricted,0.0,0.66
AUG | Bengal Tiger,The eSports 2014 Summer Collection,classified,0.0,1.0
AUG | Carved Jade,The Ancient Collection,mil-spec,0.0,0.2
AUG | Chameleon,The Phoenix Collection,covert,0.0,0.5
AUG | Colony,The Mirage Collection,consumer,0.0,1.0
AUG | Commando Company,The Boreal Collection,consumer,0.0,0.65
AUG | Condemned,The Safehouse Collection,industrial,0.0,1.0
AUG | Contractor,The Italy Collection,consumer,0.0,1.0
AUG | Copperhead,The Dust Collection,mil-spec,0.12,0.38
AUG | Daedalus,The Gods and Monsters Collection,consumer,0.0,0.55
AUG | Death by Puppy,The CS20 Collection,classified,0.0,0.4
AUG | Eye of Zapems,The Overpass 2024 Collection,restricted,0.0,0.85
AUG | Flame Jörmungandr,The Norse Collection,restricted,0.0,0.5
AUG | Fleet Flock,The Chroma 3 Collection,classified,0.0,1.0
AUG | Hot Rod,The Assault Collection,mil-spec,0.0,0.08
AUG | Lil' Pig,The Graphic Design Collection,classified,0.0,0.8
AUG | Luxe Trim,The Gallery Collection,mil-spec,0.0,0.9
AUG | Midnight Lily,The St. Marc Collection,restricted,0.0,0.5
AUG | Momentum,The Prisma Collection,classified,0.05,1.0
AUG | Navy Murano,The Canals Collection,consumer,0.0,1.0
AUG | Plague,The Operation Riptide Collection,mil-spec,0.0,0.76
AUG | Radiation Hazard,The Cache Collection,industrial,0.0,0.55
AUG | Random Access,The 2018 Nuke Collection,restricted,0.0,0.5
AUG | Ricochet,The Revolver Case Collection,mil-spec,0.0,0.8
AUG | Sand Storm,The 2021 Mirage Collection,restricted,0.0,0.5
AUG | Snake Pit,The Anubis Collection,consumer,0.0,0.55
AUG | Spalted Wood,The 2021 Dust 2 Collection,industrial,0.0,0.48
AUG | Steel Sentinel,The Train 2025 Collection,industrial,0.0,1.0
AUG | Storm,The Lake Collection,consumer,0.0,1.0
AUG | Stymphalian,The Clutch Collection,classified,0.0,0.63
AUG | Surveillance,The Control Collection,consumer,0.0,0.6
AUG | Sweeper,The 2018 Inferno Collection,consumer,0.0,0.6
AUG | Syd Mead,#CSGO_set_gamma_2,classified,0.0,0.8
AUG | Tom Cat,The Prisma 2 Collection,mil-spec,0.0,0.8
AUG | Torque,The Huntsman Collection,restricted,0.0,0.5
AUG | Triqua,The Spectrum 2 Collection,mil-spec,0.0,1.0
AUG | Wings,The Arms Deal Collection,mil-spec,0.0,0.14
AWP | Acheron,The 2018 Nuke Collection,mil-spec,0.0,0.83
AWP | Arsenic Spill,The Radiant Collection,mil-spec,0.0,0.501961
AWP | Asiimov,The Phoenix Collection,covert,0.18,1.0
AWP | Atheris,The Prisma Collection,restricted,0.0,1.0
AWP | BOOM,The eSports 2013 Collection,classified,0.0,0.28
AWP | Black Nile,The Anubis Collection,mil-spec,0.0,0.75
AWP | CMYK,The Graphic Design Collection,covert,0.0,0.8
AWP | Capillary,The Prisma 2 Collection,mil-spec,0.05,0.7
AWP | Chromatic Aberration,The Recoil Collection,covert,0.0,0.7
AWP | Chrome Cannon,The Kilowatt Collection,covert,0.0,1.0
AWP | Containment Breach,The Shattered Web Collection,covert,0.0,1.0
AWP | Corticera,The eSports 2014 Summer Collection,classified,0.0,0.3
AWP | Crakow!,The Overpass 2024 Collection,classified,0.0,1.0
AWP | Desert Hydra,The 2021 Mirage Collection,covert,0.0,0.6
AWP | Dragon Lore,The Cobblestone Collection,covert,0.0,0.7
AWP | Duality,The Revolution Collection,classified,0.0,0.8
AWP | Electric Hive,The eSports 2013 Winter Collection,classified,0.0,0.4
AWP | Elite Build,The Wildfire Collection,classified,0.0,1.0
AWP | Exoskeleton,The Operation Broken Fang Collection,restricted,0.0,1.0
AWP | Fade,The Control Collection,covert,0.0,0.08
AWP | Fever Dream,The Spectrum Collection,classified,0.0,0.55
AWP | Graphite,The Bravo Collection,classified,0.0,0.12
AWP | Green Energy,The Boreal Collection,classified,0.0,0.75
AWP | Gungnir,The Norse Collection,covert,0.0,0.6
AWP | Hyper Beast,The Falchion Collection,covert,0.0,1.0
AWP | Lightning Strike,The Arms Deal Collection,covert,0.0,0.08
AWP | LongDog,The Train 2025 Collection,covert,0.0,1.0
AWP | Man-o'-war,The Chroma Collection,covert,0.1,0.2
AWP | Medusa,The Gods and Monsters Collection,covert,0.0,1.0
AWP | Mortis,The Clutch Collection,classified,0.0,0.64
AWP | Neo-Noir,The Danger Zone Collection,covert,0.0,0.5
AWP | Oni Taiji,The Operation Hydra Collection,covert,0.0,0.5
AWP | PAW,The Horizon Collection,restricted,0.0,0.5
AWP | POP AWP,The 2021 Train Collection,restricted,0.0,0.44
AWP | Phobos,The Gamma Collection,restricted,0.0,0.4
AWP | Pink DDPAT,The Overpass Collection,restricted,0.0,1.0
AWP | Pit Viper,The Italy Collection,restricted,0.08,0.5
AWP | Printstream,The Fever Collection,covert,0.0,1.0
AWP | Redline,The Winter Offensive Collection,classified,0.1,0.4
AWP | Safari Mesh,The Lake Collection,industrial,0.0,1.0
AWP | Silk Tiger,The Havoc Collection,classified,0.0,0.6
AWP | Snake Camo,The Dust Collection,mil-spec,0.0,1.0
AWP | Sun in Leo,The Gods and Monsters Collection,industrial,0.0,0.5
AWP | The Prince,The Canals Collection,covert,0.0,0.6
AWP | Wildfire,The CS20 Collection,covert,0.01,0.7
AWP | Worm God,The Chroma 2 Collection,restricted,0.0,0.45
CZ75-Auto | Army Sheen,The Chop Shop Collection,consumer,0.0,0.3
CZ75-Auto | Chalice,The Cobblestone Collection,restricted,0.0,0.1
CZ75-Auto | Circaetus,The Snakebite Collection,mil-spec,0.0,0.9
CZ75-Auto | Copper Fiber,The Train 2025 Collection,industrial,0.0,0.563291
CZ75-Auto | Crimson Web,The Arms Deal 3 Collection,mil-spec,0.0,1.0
CZ75-Auto | Distressed,The Prisma 2 Collection,mil-spec,0.0,1.0
CZ75-Auto | Eco,The Horizon Collection,restricted,0.0,1.0
CZ75-Auto | Emerald,The Chop Shop Collection,mil-spec,0.0,0.08
CZ75-Auto | Emerald Quartz,The Norse Collection,mil-spec,0.0,0.7
CZ75-Auto | Framework,The 2021 Vertigo Collection,consumer,0.0,0.8
CZ75-Auto | Green Plaid,The Baggage Collection,consumer,0.0,0.58
CZ75-Auto | Hexane,The eSports 2014 Summer Collection,mil-spec,0.0,0.4
CZ75-Auto | Imprint,#CSGO_set_gamma_2,mil-spec,0.0,1.0
CZ75-Auto | Indigo,The Canals Collection,consumer,0.06,0.8
CZ75-Auto | Jungle Dashed,The Control Collection,consumer,0.0,1.0
CZ75-Auto | Midnight Palm,The 2021 Mirage Collection,industrial,0.0,0.5
CZ75-Auto | Nitro,The Overpass Collection,mil-spec,0.06,0.8
CZ75-Auto | Pink Pearl,The Radiant Collection,consumer,0.0,0.7
CZ75-Auto | Poison Dart,The Huntsman Collection,mil-spec,0.0,0.7
CZ75-Auto | Pole Position,The Chroma 2 Collection,restricted,0.0,0.7
CZ75-Auto | Polymer,The Glove Collection,mil-spec,0.0,0.5
CZ75-Auto | Red Astor,The Chroma 3 Collection,restricted,0.0,1.0
CZ75-Auto | Silver,The Ancient Collection,industrial,0.0,0.08
CZ75-Auto | Slalom,The Graphic Design Collection,restricted,0.0,0.57
CZ75-Auto | Syndicate,The 2021 Train Collection,restricted,0.0,0.7
CZ75-Auto | Tacticat,The Spectrum 2 Collection,restricted,0.0,0.7
CZ75-Auto | The Fuschia Is Now,The Arms Deal 3 Collection,classified,0.0,0.4
CZ75-Auto | Tigris,The Breakout Collection,restricted,0.0,1.0
CZ75-Auto | Tread Plate,The Arms Deal 3 Collection,restricted,0.0,0.2
CZ75-Auto | Tuxedo,The Bank Collection,mil-spec,0.0,0.8
CZ75-Auto | Twist,The Huntsman Collection,mil-spec,0.0,1.0
CZ75-Auto | Vendetta,The Operation Broken Fang Collection,mil-spec,0.0,1.0
CZ75-Auto | Victoria,The Arms Deal 3 Collection,covert,0.0,0.75
CZ75-Auto | Xiangliu,The Spectrum Collection,classified,0.0,0.56
CZ75-Auto | Yellow Jacket,The Falchion Collection,classified,0.0,1.0
Desert Eagle | Blaze,The Dust Collection,restricted,0.0,0.08
Desert Eagle | Blue Ply,The Prisma 2 Collection,mil-spec,0.0,1.0
Desert Eagle | Bronze Deco,The Chroma 2 Collection,mil-spec,0.0,0.46
Desert Eagle | Calligraffiti,The Gallery Collection,mil-spec,0.0,1.0
Desert Eagle | Cobalt Disruption,The eSports 2013 Winter Collection,classified,0.0,0.2
Desert Eagle | Code Red,The Horizon Collection,covert,0.0,1.0
Desert Eagle | Conspiracy,The Breakout Collection,classified,0.0,0.3
Desert Eagle | Corinthian,The Revolver Case Collection,mil-spec,0.0,0.44
Desert Eagle | Crimson Web,The eSports 2014 Summer Collection,restricted,0.0,1.0
Desert Eagle | Directive,#CSGO_set_gamma_2,restricted,0.06,1.0
Desert Eagle | Emerald Jörmungandr,The Norse Collection,restricted,0.0,0.5
Desert Eagle | Fennec Fox,The 2021 Mirage Collection,classified,0.0,0.8
Desert Eagle | Golden Koi,The Bravo Collection,covert,0.0,0.12
Desert Eagle | Hand Cannon,The Cobblestone Collection,restricted,0.01,0.7
Desert Eagle | Heat Treated,Limited Edition Item,classified,0.0,1.0
Desert Eagle | Heirloom,The Arms Deal 3 Collection,restricted,0.0,0.8
Desert Eagle | Hypnotic,The Arms Deal Collection,classified,0.0,0.08
Desert Eagle | Kumicho Dragon,The Wildfire Collection,classified,0.0,0.76
Desert Eagle | Light Rail,The Prisma Collection,restricted,0.0,0.9
Desert Eagle | Mecha Industries,The Danger Zone Collection,classified,0.0,0.6
Desert Eagle | Meteorite,The Bank Collection,mil-spec,0.0,0.18
Desert Eagle | Midnight Storm,The Rising Sun Collection,industrial,0.0,0.75
Desert Eagle | Mint Fan,The Ascent Collection,mil-spec,0.0,0.6
Desert Eagle | Mudder,The Lake Collection,industrial,0.0,1.0
Desert Eagle | Mulberry,The Radiant Collection,restricted,0.0,0.75
Desert Eagle | Naga,The Chroma Collection,restricted,0.0,1.0
Desert Eagle | Night,The Chop Shop Collection,industrial,0.0,1.0
Desert Eagle | Night Heist,The Havoc Collection,mil-spec,0.0,0.65
Desert Eagle | Ocean Drive,The Operation Riptide Collection,covert,0.0,1.0
Desert Eagle | Oxide Blaze,The Spectrum Collection,mil-spec,0.0,0.5
Desert Eagle | Pilot,The Baggage Collection,restricted,0.0,1.0
Desert Eagle | Printstream,The Fracture Collection,covert,0.0,0.8
Desert Eagle | Serpent Strike,The Fever Collection,restricted,0.0,0.57
Desert Eagle | Sputnik,The 2021 Train Collection,mil-spec,0.0,0.5
Desert Eagle | Starcade,The Graphic Design Collection,classified,0.0,0.75
Desert Eagle | Sunset Storm 壱,The Rising Sun Collection,restricted,0.0,0.75
Desert Eagle | Sunset Storm 弐,The Rising Sun Collection,restricted,0.0,0.75
Desert Eagle | The Bronze,The Control Collection,industrial,0.0,0.3
Desert Eagle | Tilted,The Overpass 2024 Collection,industrial,0.0,0.75
Desert Eagle | Trigger Discipline,The Snakebite Collection,restricted,0.0,0.97
Desert Eagle | Urban DDPAT,The Overpass Collection,industrial,0.0,1.0
Desert Eagle | Urban Rubble,The Train Collection,mil-spec,0.0,0.5
Dual Berettas | Anodized Navy,The Inferno Collection,mil-spec,0.0,0.08
Dual Berettas | Balance,The Shattered Web Collection,mil-spec,0.0,1.0
Dual Berettas | Black Limba,The Bravo Collection,mil-spec,0.0,1.0
Dual Berettas | BorDeux,The Radiant Collection,consumer,0.0,0.8
Dual Berettas | Briar,The Cobblestone Collection,consumer,0.0,0.22
Dual Berettas | Cartel,The Wildfire Collection,mil-spec,0.0,1.0
Dual Berettas | Cobalt Quartz,The Lake Collection,restricted,0.0,0.4
Dual Berettas | Cobra Strike,The Operation Hydra Collection,classified,0.0,0.6
Dual Berettas | Colony,The Train Collection,consumer,0.0,1.0
Dual Berettas | Contractor,The Safehouse Collection,consumer,0.0,1.0
Dual Berettas | Demolition,The Vertigo Collection,restricted,0.26,0.6
Dual Berettas | Dezastre,The Operation Broken Fang Collection,restricted,0.0,1.0
Dual Berettas | Drift Wood,The 2021 Mirage Collection,industrial,0.0,0.6
Dual Berettas | Dualing Dragons,The Shadow Collection,mil-spec,0.0,1.0
Dual Berettas | Duelist,The Chop Shop Collection,restricted,0.0,1.0
Dual Berettas | Elite 1.6,The CS20 Collection,mil-spec,0.0,0.7
Dual Berettas | Emerald,The Canals Collection,mil-spec,0.0,0.08
Dual Berettas | Flora Carnivora,The Recoil Collection,restricted,0.0,1.0
Dual Berettas | Heist,The Havoc Collection,consumer,0.0,0.7
Dual Berettas | Hemoglobin,The Arms Deal 2 Collection,restricted,0.0,0.2
Dual Berettas | Hideout,The Kilowatt Collection,mil-spec,0.0,0.698529
Dual Berettas | Hydro Strike,The Gallery Collection,restricted,0.0,0.801418
Dual Berettas | Marina,The Winter Offensive Collection,restricted,0.05,0.5
Dual Berettas | Melondrama,The Dreams & Nightmares Collection,classified,0.0,1.0
Dual Berettas | Moon in Libra,The Gods and Monsters Collection,consumer,0.0,0.5
Dual Berettas | Oil Change,The 2021 Vertigo Collection,consumer,0.0,0.5
Dual Berettas | Panther,The Arms Deal 3 Collection,mil-spec,0.0,0.58
Dual Berettas | Polished Malachite,The Boreal Collection,industrial,0.0,0.8
Dual Berettas | Pyre,The Norse Collection,industrial,0.06,0.55
Dual Berettas | Retribution,The Huntsman Collection,mil-spec,0.0,0.45
Dual Berettas | Rose Nacre,The Ascent Collection,industrial,0.0,0.7
Dual Berettas | Royal Consorts,The Glove Collection,restricted,0.0,1.0
Dual Berettas | Shred,The Horizon Collection,mil-spec,0.0,0.5
Dual Berettas | Stained,The Italy Collection,industrial,0.0,1.0
Dual Berettas | Sweet Little Angels,The Overpass 2024 Collection,restricted,0.0,0.82
Dual Berettas | Switch Board,The Control Collection,industrial,0.0,0.65
Dual Berettas | Tread,The Operation Riptide Collection,mil-spec,0.0,1.0
Dual Berettas | Twin Turbo,The 2018 Inferno Collection,classified,0.0,1.0
Dual Berettas | Urban Shock,The Chroma Collection,restricted,0.0,0.47
Dual Berettas | Ventilators,The Chroma 3 Collection,mil-spec,0.0,0.45
FAMAS | 2A2F,The Train 2025 Collection,mil-spec,0.0,0.86
FAMAS | Afterimage,The eSports 2013 Winter Collection,classified,0.02,0.4
FAMAS | Bad Trip,The Fever Collection,covert,0.0,1.0
FAMAS | CaliCamo,The 2021 Mirage Collection,industrial,0.0,0.6
FAMAS | Colony,The Italy Collection,consumer,0.0,1.0
FAMAS | Commemoration,The CS20 Collection,covert,0.0,0.5
FAMAS | Contrast Spray,The Office Collection,consumer,0.0,1.0
FAMAS | Crypsis,The Prisma Collection,mil-spec,0.0,0.55
FAMAS | Cyanospatter,The Lake Collection,industrial,0.0,1.0
FAMAS | Dark Water,The Ancient Collection,mil-spec,0.1,0.26
FAMAS | Decommissioned,The CS20 Collection,mil-spec,0.0,1.0
FAMAS | Djinn,The Chroma 2 Collection,classified,0.0,1.0
FAMAS | Doomkitty,The eSports 2013 Collection,mil-spec,0.08,0.22
FAMAS | Eye of Athena,The Horizon Collection,classified,0.0,0.7
FAMAS | Faulty Wiring,The 2021 Vertigo Collection,consumer,0.0,0.5
FAMAS | Grey Ghost,The Radiant Collection,industrial,0.0,0.637288
FAMAS | Half Sleeve,The Sport & Field Collection,industrial,0.0,1.0
FAMAS | Halftone Wash,The Graphic Design Collection,industrial,0.0,0.5
FAMAS | Hexane,The Arms Deal 2 Collection,mil-spec,0.0,0.4
FAMAS | Macabre,The Operation Hydra Collection,mil-spec,0.0,0.6
FAMAS | Mecha Industries,The Glove Collection,classified,0.0,0.5
FAMAS | Meltdown,The 2021 Train Collection,classified,0.0,0.4
FAMAS | Meow 36,The Recoil Collection,mil-spec,0.0,1.0
FAMAS | Neural Net,The Falchion Collection,restricted,0.0,0.6
FAMAS | Night Borre,The Norse Collection,consumer,0.0,0.55
FAMAS | Palm,The Boreal Collection,consumer,0.0,0.75
FAMAS | Prime Conspiracy,The Control Collection,restricted,0.0,0.55
FAMAS | Pulse,The Winter Offensive Collection,restricted,0.0,0.4
FAMAS | Rapid Eye Movement,The Dreams & Nightmares Collection,classified,0.0,1.0
FAMAS | Roll Cage,#CSGO_set_gamma_2,covert,0.0,1.0
FAMAS | Sergeant,The Phoenix Collection,restricted,0.1,1.0
FAMAS | Spitfire,The Alpha Collection,restricted,0.0,1.0
FAMAS | Styx,The Cache Collection,restricted,0.0,0.6
FAMAS | Sundown,The St. Marc Collection,mil-spec,0.0,0.6
FAMAS | Survivor Z,The Shadow Collection,mil-spec,0.0,0.6
FAMAS | Teardown,The Safehouse Collection,mil-spec,0.0,0.6
FAMAS | Valence,The Wildfire Collection,restricted,0.0,0.8
FAMAS | Waters of Nephthys,The Anubis Collection,classified,0.0,0.7
FAMAS | Yeti Camo,The Ascent Collection,mil-spec,0.0,0.7
FAMAS | ZX Spectron,The Operation Riptide Collection,restricted,0.0,1.0
Five-SeveN | Angry Mob,The Prisma Collection,covert,0.0,0.7
Five-SeveN | Anodized Gunmetal,The Alpha Collection,consumer,0.0,0.08
Five-SeveN | Autumn Thicket,The Radiant Collection,consumer,0.0,0.636986
Five-SeveN | Berries And Cherries,The Control Collection,restricted,0.0,0.1
Five-SeveN | Boost Protocol,The Operation Riptide Collection,restricted,0.0,0.41
Five-SeveN | Buddy,The CS20 Collection,restricted,0.0,0.55
Five-SeveN | Candy Apple,The Assault Collection,industrial,0.0,0.3
Five-SeveN | Capillary,The Spectrum Collection,mil-spec,0.0,0.7
Five-SeveN | Case Hardened,The Arms Deal 2 Collection,restricted,0.0,1.0
Five-SeveN | Contractor,The Mirage Collection,consumer,0.0,1.0
Five-SeveN | Coolant,The 2018 Nuke Collection,consumer,0.0,0.5
Five-SeveN | Copper Galaxy,The Arms Deal 3 Collection,restricted,0.0,0.2
Five-SeveN | Crimson Blossom,The St. Marc Collection,mil-spec,0.0,0.5
Five-SeveN | Fairy Tale,The Operation Broken Fang Collection,classified,0.02,0.9
Five-SeveN | Fall Hazard,The 2021 Vertigo Collection,classified,0.01,0.52
Five-SeveN | Flame Test,The Clutch Collection,mil-spec,0.0,0.65
Five-SeveN | Forest Night,The Train Collection,consumer,0.0,1.0
Five-SeveN | Fowl Play,The Breakout Collection,classified,0.0,1.0
Five-SeveN | Heat Treated,The Sport & Field Collection,restricted,0.0,1.0
Five-SeveN | Hot Shot,The Cache Collection,industrial,0.0,1.0
Five-SeveN | Hybrid,The Kilowatt Collection,restricted,0.0,1.0
Five-SeveN | Hyper Beast,The Operation Hydra Collection,covert,0.0,1.0
Five-SeveN | Jungle,The Aztec Collection,consumer,0.0,1.0
Five-SeveN | Kami,The Winter Offensive Collection,mil-spec,0.0,0.3
Five-SeveN | Midnight Paintover,The Overpass 2024 Collection,industrial,0.0,0.5
Five-SeveN | Monkey Business,The Chroma 2 Collection,classified,0.1,0.9
Five-SeveN | Neon Kimono,The Rising Sun Collection,restricted,0.0,0.8
Five-SeveN | Nightshade,The eSports 2013 Winter Collection,mil-spec,0.0,0.5
Five-SeveN | Nitro,The Chop Shop Collection,mil-spec,0.0,1.0
Five-SeveN | Orange Peel,The Dust 2 Collection,industrial,0.0,1.0
Five-SeveN | Retrobution,The Revolver Case Collection,restricted,0.0,1.0
Five-SeveN | Scrawl,The Dreams & Nightmares Collection,mil-spec,0.0,1.0
Five-SeveN | Scumbria,#CSGO_set_gamma_2,mil-spec,0.0,1.0
Five-SeveN | Silver Quartz,The Safehouse Collection,mil-spec,0.0,0.4
Five-SeveN | Sky Blue,The Ascent Collection,industrial,0.0,0.6
Five-SeveN | Triumvirate,The Wildfire Collection,restricted,0.0,0.61
Five-SeveN | Urban Hazard,The Vanguard Collection,mil-spec,0.0,0.25
Five-SeveN | Violent Daimyo,The Gamma Collection,mil-spec,0.0,0.7
Five-SeveN | Withered Vine,The 2021 Dust 2 Collection,industrial,0.0,0.5
G3SG1 | Ancient Ritual,The Ancient Collection,industrial,0.0,0.76
G3SG1 | Arctic Camo,The Office Collection,industrial,0.0,1.0
G3SG1 | Azure Zebra,The eSports 2013 Winter Collection,mil-spec,0.0,0.28
G3SG1 | Black Sand,The Shattered Web Collection,mil-spec,0.0,0.8
G3SG1 | Chronos,The Gods and Monsters Collection,restricted,0.0,0.4
G3SG1 | Contractor,The Baggage Collection,consumer,0.0,1.0
G3SG1 | Demeter,The Bravo Collection,mil-spec,0.0,1.0
G3SG1 | Desert Storm,The Dust 2 Collection,consumer,0.0,1.0
G3SG1 | Digital Mesh,The Operation Broken Fang Collection,mil-spec,0.0,0.8
G3SG1 | Dream Glade,The Dreams & Nightmares Collection,restricted,0.0,1.0
G3SG1 | Flux,The Shadow Collection,classified,0.0,0.9
G3SG1 | Green Apple,The Bank Collection,industrial,0.0,0.3
G3SG1 | Green Cell,The Boreal Collection,consumer,0.0,0.65
G3SG1 | High Seas,The Horizon Collection,restricted,0.0,0.7
G3SG1 | Hunter,The Spectrum 2 Collection,mil-spec,0.0,1.0
G3SG1 | Jungle Dashed,The Lake Collection,consumer,0.0,1.0
G3SG1 | Keeping Tabs,The Operation Riptide Collection,mil-spec,0.0,0.7
G3SG1 | Murky,The Vanguard Collection,mil-spec,0.0,0.25
G3SG1 | New Roots,The 2021 Dust 2 Collection,mil-spec,0.0,0.55
G3SG1 | Orange Crash,The Chroma 3 Collection,mil-spec,0.0,0.52
G3SG1 | Orange Kimono,The Rising Sun Collection,consumer,0.0,0.8
G3SG1 | Polar Camo,The Train Collection,consumer,0.0,1.0
G3SG1 | Red Jasper,The Radiant Collection,consumer,0.0,0.637288
G3SG1 | Safari Mesh,The Mirage Collection,consumer,0.0,1.0
G3SG1 | Scavenger,The Danger Zone Collection,restricted,0.0,0.65
G3SG1 | Stinger,The Glove Collection,restricted,0.0,0.7
G3SG1 | The Executioner,The Revolver Case Collection,classified,0.14,0.85
G3SG1 | VariCamo,The Safehouse Collection,industrial,0.0,0.6
G3SG1 | Ventilator,#CSGO_set_gamma_2,mil-spec,0.0,0.45
G3SG1 | Violet Murano,The Canals Collection,mil-spec,0.0,0.5
Galil AR | Acid Dart,The Boreal Collection,industrial,0.0,0.6
Galil AR | Akoben,The Prisma Collection,mil-spec,0.0,0.75
Galil AR | Amber Fade,The 2021 Dust 2 Collection,mil-spec,0.0,0.4
Galil AR | Aqua Terrace,The Rising Sun Collection,mil-spec,0.0,0.7
Galil AR | Black Sand,The Glove Collection,mil-spec,0.0,1.0
Galil AR | Blue Titanium,The eSports 2013 Winter Collection,mil-spec,0.0,0.04
Galil AR | CAUTION!,The 2021 Vertigo Collection,restricted,0.0,0.55
Galil AR | Cerberus,The Cache Collection,restricted,0.0,0.9
Galil AR | Chatterbox,The Chroma Collection,covert,0.35,0.85
Galil AR | Chromatic Aberration,The Snakebite Collection,classified,0.0,1.0
Galil AR | Cold Fusion,The 2018 Nuke Collection,industrial,0.0,0.83
Galil AR | Connexion,The Fracture Collection,restricted,0.0,0.8
Galil AR | Control,The Fever Collection,restricted,0.0,0.798995
Galil AR | Crimson Tsunami,The Spectrum Collection,restricted,0.0,0.55
Galil AR | Destroyer,The Recoil Collection,mil-spec,0.0,0.7
Galil AR | Dusk Ruins,The Ancient Collection,mil-spec,0.0,0.6
Galil AR | Eco,The Chroma 2 Collection,classified,0.1,0.85
Galil AR | Firefight,The Chroma 3 Collection,restricted,0.0,1.0
Galil AR | Green Apple,The Train 2025 Collection,industrial,0.0,0.3
Galil AR | Grey Smoke,The Ascent Collection,consumer,0.0,0.6
Galil AR | Hunting Blind,The Mirage Collection,consumer,0.0,0.6
Galil AR | Kami,The Huntsman Collection,mil-spec,0.0,0.6
Galil AR | Metallic Squeezer,The Overpass 2024 Collection,mil-spec,0.0,0.6
Galil AR | NV,The Graphic Design Collection,industrial,0.0,0.47
Galil AR | O-Ranger,The Radiant Collection,industrial,0.0,0.75
Galil AR | Orange DDPAT,The eSports 2013 Collection,restricted,0.0,1.0
Galil AR | Phoenix Blacklight,The Havoc Collection,restricted,0.0,0.7
Galil AR | Rainbow Spoon,The Sport & Field Collection,classified,0.0,0.554422
Galil AR | Robin's Egg,The Ascent Collection,industrial,0.0,0.6
Galil AR | Rocket Pop,The Falchion Collection,mil-spec,0.0,1.0
Galil AR | Sage Spray,The Lake Collection,consumer,0.0,1.0
Galil AR | Sandstorm,The Winter Offensive Collection,mil-spec,0.1,0.6
Galil AR | Shattered,The Bravo Collection,mil-spec,0.0,1.0
Galil AR | Signal,The Danger Zone Collection,restricted,0.0,0.5
Galil AR | Stone Cold,The Shadow Collection,restricted,0.0,0.9
Galil AR | Sugar Rush,The Operation Hydra Collection,classified,0.0,0.55
Galil AR | Tornado,The Norse Collection,consumer,0.0,1.0
Galil AR | Tuxedo,The Bank Collection,mil-spec,0.0,0.8
Galil AR | Urban Rubble,The Chop Shop Collection,industrial,0.0,0.5
Galil AR | Vandal,The Operation Broken Fang Collection,mil-spec,0.0,1.0
Galil AR | VariCamo,The Safehouse Collection,industrial,0.0,0.6
Galil AR | Winter Forest,The Office Collection,industrial,0.0,1.0
Glock-18 | AXIA,The Sport & Field Collection,classified,0.0,0.7
Glock-18 | Block-18,The Kilowatt Collection,restricted,0.0,0.671875
Glock-18 | Blue Fissure,The Arms Deal 3 Collection,mil-spec,0.06,0.58
Glock-18 | Brass,The Dust Collection,restricted,0.0,1.0
Glock-18 | Bullet Queen,The Prisma 2 Collection,covert,0.0,1.0
Glock-18 | Bunsen Burner,The Falchion Collection,mil-spec,0.0,0.8
Glock-18 | Candy Apple,The Italy Collection,mil-spec,0.0,0.3
Glock-18 | Catacombs,The Chroma Collection,mil-spec,0.0,0.5
Glock-18 | Clear Polymer,The Snakebite Collection,mil-spec,0.0,1.0
Glock-18 | Coral Bloom,The Radiant Collection,mil-spec,0.0,0.752941
Glock-18 | Death Rattle,The Bank Collection,industrial,0.08,0.5
Glock-18 | Dragon Tattoo,The Arms Deal Collection,restricted,0.0,0.08
Glock-18 | Fade,The Assault Collection,restricted,0.0,0.08
Glock-18 | Franklin,The Havoc Collection,restricted,0.0,0.4
Glock-18 | Gamma Doppler,The 2021 Train Collection,covert,0.0,0.5
Glock-18 | Gamma Doppler,The 2021 Train Collection,covert,0.0,0.5
Glock-18 | Gamma Doppler,The 2021 Train Collection,covert,0.0,0.5
Glock-18 | Gamma Doppler,The 2021 Train Collection,covert,0.0,0.5
Glock-18 | Gamma Doppler,The 2021 Train Collection,covert,0.0,0.5
Glock-18 | Glockingbird,The Boreal Collection,restricted,0.0,0.67
Glock-18 | Gold Toof,The Gallery Collection,covert,0.0,0.730496
Glock-18 | Green Line,The Train 2025 Collection,mil-spec,0.0,1.0
Glock-18 | Grinder,The Vanguard Collection,restricted,0.02,0.25
Glock-18 | Groundwater,The Mirage Collection,industrial,0.0,1.0
Glock-18 | High Beam,The 2018 Inferno Collection,industrial,0.0,0.08
Glock-18 | Ironwork,The Glove Collection,mil-spec,0.0,1.0
Glock-18 | Moonrise,The Clutch Collection,restricted,0.0,0.65
Glock-18 | Neo-Noir,The Operation Broken Fang Collection,covert,0.0,1.0
Glock-18 | Night,The Overpass Collection,industrial,0.0,1.0
Glock-18 | Nuclear Garden,The 2018 Nuke Collection,restricted,0.0,0.7
Glock-18 | Ocean Topo,The Ascent Collection,industrial,0.0,0.6
Glock-18 | Off World,The Spectrum 2 Collection,mil-spec,0.0,1.0
Glock-18 | Oxide Blaze,The Danger Zone Collection,mil-spec,0.0,0.85
Glock-18 | Pink DDPAT,The 2021 Mirage Collection,restricted,0.0,1.0
Glock-18 | Ramese's Reach,The Anubis Collection,restricted,0.0,1.0
Glock-18 | Reactor,The Cache Collection,mil-spec,0.0,1.0
Glock-18 | Red Tire,The 2021 Vertigo Collection,industrial,0.0,0.55
Glock-18 | Royal Legion,The Wildfire Collection,restricted,0.0,1.0
Glock-18 | Sacrifice,The CS20 Collection,mil-spec,0.0,1.0
Glock-18 | Sand Dune,The Alpha Collection,industrial,0.0,1.0
Glock-18 | Shinobu,The Fever Collection,classified,0.0,1.0
Glock-18 | Snack Attack,The Operation Riptide Collection,classified,0.0,1.0
Glock-18 | Steel Disruption,The eSports 2014 Summer Collection,restricted,0.0,0.2
Glock-18 | Synth Leaf,The St. Marc Collection,restricted,0.0,0.7
Glock-18 | Teal Graf,The Overpass 2024 Collection,mil-spec,0.0,0.5
Glock-18 | Twilight Galaxy,The Chop Shop Collection,classified,0.0,0.2
Glock-18 | Umbral Rabbit,The Revolution Collection,restricted,0.0,0.75
Glock-18 | Vogue,The Fracture Collection,classified,0.0,0.75
Glock-18 | Warhawk,The Horizon Collection,mil-spec,0.0,1.0
Glock-18 | Wasteland Rebel,The Gamma Collection,covert,0.0,0.54
Glock-18 | Water Elemental,The Breakout Collection,classified,0.0,0.7
Glock-18 | Weasel,#CSGO_set_gamma_2,restricted,0.0,1.0
Glock-18 | Winterized,The Recoil Collection,mil-spec,0.0,1.0
Glock-18 | Wraiths,The Shadow Collection,mil-spec,0.0,0.8
M249 | Aztec,The CS20 Collection,restricted,0.0,0.75
M249 | Blizzard Marbleized,The Office Collection,industrial,0.0,1.0
M249 | Contrast Spray,The Overpass Collection,consumer,0.0,1.0
M249 | Deep Relief,The Operation Broken Fang Collection,mil-spec,0.0,1.0
M249 | Downtown,The Recoil Collection,restricted,0.0,0.65
M249 | Emerald Poison Dart,The Spectrum Collection,restricted,0.0,0.45
M249 | Gator Mesh,The Safehouse Collection,industrial,0.0,0.6
M249 | Humidor,The 2021 Mirage Collection,mil-spec,0.0,0.5
M249 | Hypnosis,The Gallery Collection,mil-spec,0.0,1.0
M249 | Impact Drill,The Chop Shop Collection,consumer,0.0,1.0
M249 | Jungle,The St. Marc Collection,consumer,0.0,1.0
M249 | Jungle DDPAT,The Alpha Collection,consumer,0.0,1.0
M249 | Magma,The Winter Offensive Collection,mil-spec,0.0,0.7
M249 | Midnight Palm,The 2021 Dust 2 Collection,industrial,0.0,0.5
M249 | Nebula Crusader,The Shadow Collection,restricted,0.0,1.0
M249 | O.S.I.P.R.,The Snakebite Collection,mil-spec,0.0,0.7
M249 | Predator,The Havoc Collection,consumer,0.0,1.0
M249 | Sage Camo,The Boreal Collection,consumer,0.0,0.6
M249 | Shipping Forecast,The Gods and Monsters Collection,industrial,0.0,0.5
M249 | Spectre,The Chroma 3 Collection,mil-spec,0.0,0.5
M249 | Spectrogram,The Graphic Design Collection,industrial,0.0,0.5
M249 | Submerged,The Anubis Collection,consumer,0.02,0.8
M249 | System Lock,The Chroma Collection,mil-spec,0.0,0.8
M249 | Warbird,The Shattered Web Collection,mil-spec,0.05,0.65
M4A1-S | Atomic Alloy,The Huntsman Collection,classified,0.0,0.9
M4A1-S | Basilisk,The Vanguard Collection,restricted,0.0,0.68
M4A1-S | Black Lotus,The Kilowatt Collection,classified,0.0,0.7
M4A1-S | Blood Tiger,The Arms Deal 2 Collection,mil-spec,0.0,0.3
M4A1-S | Blue Phosphor,The Control Collection,classified,0.0,0.08
M4A1-S | Boreal Forest,The Italy Collection,industrial,0.0,1.0
M4A1-S | Briefing,The Operation Hydra Collection,mil-spec,0.0,0.8
M4A1-S | Bright Water,The Bravo Collection,restricted,0.1,0.22
M4A1-S | Chantico's Fire,The Chroma 3 Collection,covert,0.0,0.99
M4A1-S | Control Panel,The 2018 Nuke Collection,classified,0.0,1.0
M4A1-S | Cyrex,The Breakout Collection,covert,0.0,0.5
M4A1-S | Dark Water,The Arms Deal Collection,restricted,0.1,0.26
M4A1-S | Decimator,The Spectrum Collection,classified,0.0,0.85
M4A1-S | Emphorosaur-S,The Revolution Collection,restricted,0.0,0.8
M4A1-S | Fade,The Sport & Field Collection,covert,0.0,0.08
M4A1-S | Fizzy POP,The 2021 Train Collection,mil-spec,0.0,0.57
M4A1-S | Flashback,The Glove Collection,restricted,0.0,1.0
M4A1-S | Glitched Paint,The Radiant Collection,restricted,0.0,0.67
M4A1-S | Golden Coil,The Shadow Collection,covert,0.0,1.0
M4A1-S | Guardian,The Winter Offensive Collection,classified,0.0,0.5
M4A1-S | Hot Rod,The Chop Shop Collection,classified,0.0,0.08
M4A1-S | Hyper Beast,The Chroma 2 Collection,covert,0.0,1.0
M4A1-S | Icarus Fell,The Gods and Monsters Collection,restricted,0.0,0.1
M4A1-S | Imminent Danger,The 2021 Vertigo Collection,covert,0.0,0.8
M4A1-S | Knight,The Cobblestone Collection,classified,0.0,0.1
M4A1-S | Leaded Glass,The Spectrum 2 Collection,classified,0.0,0.7
M4A1-S | Master Piece,The Overpass Collection,classified,0.0,1.0
M4A1-S | Mecha Industries,The Gamma Collection,covert,0.0,0.8
M4A1-S | Moss Quartz,The Norse Collection,industrial,0.0,0.5
M4A1-S | Mud-Spec,The Anubis Collection,industrial,0.0,0.73
M4A1-S | Night Terror,The Dreams & Nightmares Collection,restricted,0.0,0.7
M4A1-S | Nightmare,The Horizon Collection,classified,0.0,1.0
M4A1-S | Nitro,The Safehouse Collection,restricted,0.0,1.0
M4A1-S | Player Two,The Prisma 2 Collection,covert,0.0,0.84
M4A1-S | Printstream,The Operation Broken Fang Collection,covert,0.0,0.8
M4A1-S | Rose Hex,The Radiant Collection,mil-spec,0.0,0.5
M4A1-S | Solitude,Limited Edition Item,classified,0.0,0.7
M4A1-S | Stratosphere,The Ascent Collection,classified,0.0,0.8
M4A1-S | Vaporwave,The Gallery Collection,covert,0.0,0.597321
M4A1-S | VariCamo,The Dust 2 Collection,mil-spec,0.0,0.6
M4A1-S | Wash me plz,The Overpass 2024 Collection,industrial,0.0,0.58
M4A1-S | Welcome to the Jungle,The Ancient Collection,covert,0.0,1.0
M4A4 | Asiimov,The Winter Offensive Collection,covert,0.18,1.0
M4A4 | Bullet Rain,The eSports 2014 Summer Collection,covert,0.02,0.46
M4A4 | Buzz Kill,The Glove Collection,covert,0.0,0.7
M4A4 | Choppa,The Fever Collection,mil-spec,0.0,1.0
M4A4 | Converter,The 2018 Inferno Collection,mil-spec,0.0,0.4
M4A4 | Cyber Security,The Operation Broken Fang Collection,classified,0.0,0.98
M4A4 | Dark Blossom,The St. Marc Collection,industrial,0.0,0.5
M4A4 | Daybreak,The Rising Sun Collection,restricted,0.0,0.6
M4A4 | Desert Storm,The Dust Collection,industrial,0.0,1.0
M4A4 | Desert-Strike,The Huntsman Collection,covert,0.0,0.7
M4A4 | Desolate Space,The Gamma Collection,classified,0.0,1.0
M4A4 | Etch Lord,The Kilowatt Collection,restricted,0.0,1.0
M4A4 | Evil Daimyo,The Falchion Collection,restricted,0.0,0.52
M4A4 | Eye of Horus,The Anubis Collection,covert,0.0,0.7
M4A4 | Faded Zebra,The eSports 2013 Collection,mil-spec,0.0,1.0
M4A4 | Global Offensive,The Control Collection,mil-spec,0.0,0.7
M4A4 | Griffin,The Vanguard Collection,restricted,0.0,0.8
M4A4 | Hellfire,The Operation Hydra Collection,classified,0.0,0.5
M4A4 | Hellish,The Train 2025 Collection,classified,0.0,1.0
M4A4 | In Living Color,The Snakebite Collection,covert,0.0,0.79
M4A4 | Jungle Tiger,The Aztec Collection,industrial,0.0,1.0
M4A4 | Magnesium,The Danger Zone Collection,mil-spec,0.0,1.0
M4A4 | Mainframe,The 2018 Nuke Collection,industrial,0.0,0.5
M4A4 | Modern Hunter,The Militia Collection,restricted,0.0,1.0
M4A4 | Naval Shred Camo,The Ascent Collection,industrial,0.0,0.6
M4A4 | Neo-Noir,The Clutch Collection,covert,0.0,0.9
M4A4 | Poly Mag,The Recoil Collection,mil-spec,0.0,1.0
M4A4 | Polysoup,The Graphic Design Collection,restricted,0.0,0.64
M4A4 | Poseidon,The Gods and Monsters Collection,classified,0.0,0.33
M4A4 | Radiation Hazard,The Nuke Collection,mil-spec,0.0,1.0
M4A4 | Red DDPAT,The 2021 Dust 2 Collection,restricted,0.0,0.5
M4A4 | Royal Paladin,The Revolver Case Collection,covert,0.0,0.8
M4A4 | Sheet Lightning,The Boreal Collection,restricted,0.0,0.75
M4A4 | Spider Lily,The Operation Riptide Collection,restricted,0.0,1.0
M4A4 | Steel Work,The Radiant Collection,industrial,0.0,0.7
M4A4 | Temukau,The Revolution Collection,covert,0.0,0.8
M4A4 | The Battlestar,The Wildfire Collection,covert,0.0,0.64
M4A4 | The Coalition,The 2021 Train Collection,covert,0.0,1.0
M4A4 | The Emperor,The Prisma Collection,covert,0.0,0.8
M4A4 | Tooth Fairy,The Fracture Collection,classified,0.0,0.73
M4A4 | Tornado,The Inferno Collection,industrial,0.0,1.0
M4A4 | Turbine,The Gallery Collection,restricted,0.0,0.85
M4A4 | Urban DDPAT,The Train Collection,industrial,0.0,1.0
M4A4 | X-Ray,The eSports 2013 Winter Collection,covert,0.0,0.3
M4A4 | Zirka,The Bravo Collection,restricted,0.0,0.42
M4A4 | 龍王 (Dragon King),The Chroma Collection,classified,0.0,0.75
MAC-10 | #PaintKit_sp_palm_Tag,The Dust 2 Collection,industrial,0.0,1.0
MAC-10 | Acid Hex,The Boreal Collection,industrial,0.0,0.58
MAC-10 | Allure,The Fracture Collection,restricted,0.0,1.0
MAC-10 | Aloha,The Operation Hydra Collection,mil-spec,0.0,0.65
MAC-10 | Amber Fade,The Mirage Collection,mil-spec,0.0,0.4
MAC-10 | Bronzer,The Radiant Collection,consumer,0.0,0.8
MAC-10 | Button Masher,The Snakebite Collection,restricted,0.0,1.0
MAC-10 | Calf Skin,The 2018 Inferno Collection,industrial,0.0,1.0
MAC-10 | Candy Apple,The Train Collection,industrial,0.0,0.3
MAC-10 | Carnivore,The Gamma Collection,mil-spec,0.0,1.0
MAC-10 | Case Hardened,The 2021 Dust 2 Collection,restricted,0.0,1.0
MAC-10 | Classic Crate,The CS20 Collection,mil-spec,0.0,1.0
MAC-10 | Commuter,The Baggage Collection,industrial,0.0,1.0
MAC-10 | Copper Borre,The Norse Collection,mil-spec,0.0,0.5
MAC-10 | Curse,The Huntsman Collection,restricted,0.0,0.5
MAC-10 | Derailment,The Train 2025 Collection,restricted,0.0,0.7
MAC-10 | Disco Tech,The Prisma 2 Collection,classified,0.0,1.0
MAC-10 | Echoing Sands,The Anubis Collection,industrial,0.02,0.8
MAC-10 | Ensnared,The Dreams & Nightmares Collection,mil-spec,0.0,0.9
MAC-10 | Fade,The Chop Shop Collection,mil-spec,0.0,0.08
MAC-10 | Gold Brick,The Ancient Collection,restricted,0.0,0.7
MAC-10 | Graven,The Bravo Collection,restricted,0.0,1.0
MAC-10 | Heat,The Phoenix Collection,restricted,0.0,1.0
MAC-10 | Hot Snakes,The Havoc Collection,classified,0.0,1.0
MAC-10 | Indigo,The Cobblestone Collection,consumer,0.06,0.8
MAC-10 | Lapis Gator,The Wildfire Collection,mil-spec,0.0,0.5
MAC-10 | Last Dive,The Spectrum Collection,restricted,0.0,0.52
MAC-10 | Light Box,The Kilowatt Collection,mil-spec,0.0,1.0
MAC-10 | Malachite,The Chroma Collection,restricted,0.0,0.5
MAC-10 | Monkeyflage,The Recoil Collection,mil-spec,0.0,1.0
MAC-10 | Neon Rider,The Chroma 2 Collection,covert,0.0,0.45
MAC-10 | Nuclear Garden,The Cache Collection,mil-spec,0.0,0.7
MAC-10 | Oceanic,The Spectrum 2 Collection,mil-spec,0.0,0.6
MAC-10 | Pipe Down,The Danger Zone Collection,restricted,0.0,0.9
MAC-10 | Pipsqueak,The Overpass 2024 Collection,mil-spec,0.0,0.9
MAC-10 | Poplar Thicket,The Boreal Collection,mil-spec,0.0,0.68
MAC-10 | Propaganda,The 2021 Train Collection,classified,0.0,0.62
MAC-10 | Rangeen,The Shadow Collection,mil-spec,0.0,0.5
MAC-10 | Red Filigree,The Canals Collection,restricted,0.0,0.5
MAC-10 | Saibā Oni,The Gallery Collection,restricted,0.0,0.66
MAC-10 | Sakkaku,The Revolution Collection,restricted,0.21,0.79
MAC-10 | Sienna Damask,The 2021 Mirage Collection,consumer,0.0,0.6
MAC-10 | Silver,The Bank Collection,industrial,0.0,0.08
MAC-10 | Stalker,The Shattered Web Collection,covert,0.0,1.0
MAC-10 | Storm Camo,The Ascent Collection,consumer,0.0,0.637288
MAC-10 | Strats,The 2021 Vertigo Collection,consumer,0.0,0.6
MAC-10 | Surfwood,The St. Marc Collection,consumer,0.0,0.5
MAC-10 | Tatter,The Huntsman Collection,restricted,0.0,0.5
MAC-10 | Tornado,The Militia Collection,consumer,0.0,1.0
MAC-10 | Toybox,The Operation Riptide Collection,classified,0.0,1.0
MAC-10 | Ultraviolet,The eSports 2014 Summer Collection,mil-spec,0.0,1.0
MAC-10 | Urban DDPAT,The Vertigo Collection,consumer,0.0,1.0
MAC-10 | Whitefish,The Prisma Collection,mil-spec,0.0,1.0
MAG-7 | BI83 Spectrum,The Operation Riptide Collection,restricted,0.0,0.6
MAG-7 | Bulldozer,The Mirage Collection,restricted,0.0,1.0
MAG-7 | Carbon Fiber,The Control Collection,industrial,0.0,0.12
MAG-7 | Chainmail,The Norse Collection,industrial,0.0,0.22
MAG-7 | Cinquedea,The Canals Collection,classified,0.0,1.0
MAG-7 | Cobalt Core,The Shadow Collection,mil-spec,0.0,0.5
MAG-7 | Copper Coated,The Anubis Collection,mil-spec,0.0,1.0
MAG-7 | Copper Oxide,The Boreal Collection,consumer,0.0,0.65
MAG-7 | Core Breach,The 2018 Nuke Collection,restricted,0.0,1.0
MAG-7 | Counter Terrace,The Rising Sun Collection,mil-spec,0.0,0.65
MAG-7 | Firestarter,The Vanguard Collection,mil-spec,0.06,0.49
MAG-7 | Foresight,The Dreams & Nightmares Collection,mil-spec,0.0,0.7
MAG-7 | Hard Water,The Operation Hydra Collection,mil-spec,0.0,0.45
MAG-7 | Hazard,The Alpha Collection,mil-spec,0.0,1.0
MAG-7 | Heat,The Chroma 2 Collection,restricted,0.0,1.0
MAG-7 | Heaven Guard,The Phoenix Collection,mil-spec,0.0,0.4
MAG-7 | Insomnia,The Revolution Collection,mil-spec,0.0,1.0
MAG-7 | Irradiated Alert,The Nuke Collection,consumer,0.0,1.0
MAG-7 | Justice,The Prisma 2 Collection,classified,0.0,1.0
MAG-7 | Memento,The eSports 2013 Collection,mil-spec,0.02,0.18
MAG-7 | Metallic DDPAT,The Train Collection,industrial,0.0,0.08
MAG-7 | Monster Call,The Fracture Collection,restricted,0.0,1.0
MAG-7 | Navy Sheen,The 2021 Mirage Collection,consumer,0.0,0.55
MAG-7 | Petroglyph,#CSGO_set_gamma_2,restricted,0.0,0.44
MAG-7 | Popdog,The CS20 Collection,mil-spec,0.0,0.8
MAG-7 | Praetorian,The Wildfire Collection,restricted,0.0,0.45
MAG-7 | Prism Terrace,The 2021 Vertigo Collection,restricted,0.0,0.37
MAG-7 | Resupply,The Fever Collection,mil-spec,0.0,1.0
MAG-7 | Rust Coat,The 2018 Inferno Collection,consumer,0.0,1.0
MAG-7 | SWAG-7,The Clutch Collection,restricted,0.0,0.92
MAG-7 | Sand Dune,The Inferno Collection,consumer,0.0,1.0
MAG-7 | Seabird,The Chop Shop Collection,consumer,0.0,1.0
MAG-7 | Silver,The Cobblestone Collection,industrial,0.0,0.08
MAG-7 | Sonar,The Glove Collection,mil-spec,0.0,0.45
MAG-7 | Storm,The Overpass Collection,consumer,0.0,1.0
MAG-7 | Wildwood,The Sport & Field Collection,industrial,0.0,0.7
MP5SD | Acid Wash,The Shattered Web Collection,mil-spec,0.0,0.68
MP5SD | Agent,The CS20 Collection,restricted,0.0,1.0
MP5SD | Autumn Twilly,The 2021 Train Collection,restricted,0.0,0.58
MP5SD | Bamboo Garden,The St. Marc Collection,consumer,0.0,0.55
MP5SD | Co-Processor,The 2018 Nuke Collection,mil-spec,0.0,0.5
MP5SD | Condition Zero,The Operation Broken Fang Collection,mil-spec,0.0,1.0
MP5SD | Desert Strike,The Prisma 2 Collection,mil-spec,0.0,1.0
MP5SD | Dirt Drop,The 2018 Inferno Collection,consumer,0.06,0.8
MP5SD | Gauss,The Prisma Collection,restricted,0.0,1.0
MP5SD | Gold Leaf,The Boreal Collection,mil-spec,0.0,0.6
MP5SD | Kitbash,The Fracture Collection,restricted,0.0,0.8
MP5SD | Lab Rats,The Blacksite Collection,restricted,0.0,0.35
MP5SD | Lime Hex,The Ascent Collection,consumer,0.0,0.638225
MP5SD | Liquidation,The Revolution Collection,mil-spec,0.0,1.0
MP5SD | Necro Jr.,The Dreams & Nightmares Collection,mil-spec,0.0,1.0
MP5SD | Neon Squeezer,The Overpass 2024 Collection,industrial,0.2,0.9
MP5SD | Nitro,The Control Collection,industrial,0.0,1.0
MP5SD | Oxide Oasis,The 2021 Mirage Collection,classified,0.0,0.55
MP5SD | Phosphor,The Danger Zone Collection,classified,0.0,0.8
MP5SD | Savannah Halftone,The Sport & Field Collection,industrial,0.25,0.75
MP5SD | Statics,The Gallery Collection,mil-spec,0.0,1.0
MP7 | #PaintKit_sp_spray_army_Tag,The Safehouse Collection,consumer,0.0,1.0
MP7 | Abyssal Apparition,The Dreams & Nightmares Collection,classified,0.0,1.0
MP7 | Akoben,The Spectrum Collection,mil-spec,0.0,0.7
MP7 | Anodized Navy,The Italy Collection,mil-spec,0.0,0.08
MP7 | Armor Core,The Chroma 2 Collection,mil-spec,0.0,0.5
MP7 | Asterion,The Gods and Monsters Collection,consumer,0.0,0.55
MP7 | Astrolabe,The Graphic Design Collection,industrial,0.0,1.0
MP7 | Bloodsport,The Clutch Collection,covert,0.0,0.65
MP7 | Cirrus,The Glove Collection,mil-spec,0.0,0.75
MP7 | Fade,The 2018 Inferno Collection,restricted,0.0,0.25
MP7 | Forest DDPAT,The Bank Collection,consumer,0.0,1.0
MP7 | Full Stop,The Chop Shop Collection,mil-spec,0.0,0.6
MP7 | Groundwater,The Alpha Collection,consumer,0.0,1.0
MP7 | Guerrilla,The Operation Riptide Collection,mil-spec,0.0,1.0
MP7 | Gunsmoke,The Overpass Collection,industrial,0.0,1.0
MP7 | Impire,The Wildfire Collection,restricted,0.0,0.4
MP7 | Just Smile,The Kilowatt Collection,restricted,0.0,1.0
MP7 | Mischief,The Prisma Collection,mil-spec,0.1,1.0
MP7 | Motherboard,The 2018 Nuke Collection,industrial,0.0,0.5
MP7 | Nemesis,The Falchion Collection,classified,0.0,0.32
MP7 | Neon Ply,The Shattered Web Collection,restricted,0.0,1.0
MP7 | Ocean Foam,The eSports 2014 Summer Collection,restricted,0.0,0.08
MP7 | Olive Plaid,The Baggage Collection,consumer,0.0,0.58
MP7 | Orange Peel,The Mirage Collection,industrial,0.0,1.0
MP7 | Powercore,The Horizon Collection,restricted,0.0,0.8
MP7 | Prey,The 2021 Dust 2 Collection,consumer,0.0,0.48
MP7 | Scorched,The Norse Collection,consumer,0.0,1.0
MP7 | Short Ochre,The Radiant Collection,consumer,0.0,0.746575
MP7 | Skulls,The Arms Deal Collection,mil-spec,0.1,0.26
MP7 | Special Delivery,The Shadow Collection,restricted,0.0,0.62
MP7 | Sunbaked,The Anubis Collection,consumer,0.0,1.0
MP7 | Tall Grass,The Ancient Collection,industrial,0.0,0.65
MP7 | Teal Blossom,The St. Marc Collection,mil-spec,0.0,0.5
MP7 | Urban Hazard,The Breakout Collection,mil-spec,0.0,0.5
MP7 | Vault Heist,The Havoc Collection,industrial,0.0,0.6
MP7 | Whiteout,The Office Collection,mil-spec,0.0,1.0
MP9 | Airlock,#CSGO_set_gamma_2,classified,0.0,1.0
MP9 | Arctic Tri-Tone,The Sport & Field Collection,restricted,0.0,0.6
MP9 | Army Sheen,The Control Collection,consumer,0.0,0.3
MP9 | Bioleak,The Chroma 3 Collection,mil-spec,0.0,0.5
MP9 | Black Sand,The Clutch Collection,mil-spec,0.0,1.0
MP9 | Buff Blue,The Ascent Collection,consumer,0.0,0.7
MP9 | Bulldozer,The Assault Collection,restricted,0.0,1.0
MP9 | Capillary,The Horizon Collection,mil-spec,0.0,0.7
MP9 | Cobalt Paisley,The Ascent Collection,mil-spec,0.0,0.65
MP9 | Dark Age,The Cobblestone Collection,mil-spec,0.0,0.22
MP9 | Dart,The Vanguard Collection,mil-spec,0.0,0.46
MP9 | Deadly Poison,The Chroma Collection,mil-spec,0.0,1.0
MP9 | Dry Season,The Alpha Collection,consumer,0.0,1.0
MP9 | Featherweight,The Revolution Collection,mil-spec,0.0,1.0
MP9 | Food Chain,The Snakebite Collection,classified,0.0,1.0
MP9 | Goo,The Spectrum 2 Collection,restricted,0.0,0.6
MP9 | Green Plaid,The Baggage Collection,consumer,0.0,0.58
MP9 | Hot Rod,The Mirage Collection,mil-spec,0.0,0.08
MP9 | Hydra,The CS20 Collection,classified,0.0,1.0
MP9 | Hypnotic,The Arms Deal 2 Collection,restricted,0.0,0.08
MP9 | Latte Rush,The Train 2025 Collection,classified,0.0,1.0
MP9 | Modest Threat,The Danger Zone Collection,mil-spec,0.0,0.75
MP9 | Mount Fuji,The Operation Riptide Collection,restricted,0.0,0.55
MP9 | Multi-Terrain,The Radiant Collection,consumer,0.0,0.6
MP9 | Music Box,The 2021 Mirage Collection,mil-spec,0.0,0.55
MP9 | Nexus,The Fever Collection,mil-spec,0.0,1.0
MP9 | Old Roots,The 2021 Dust 2 Collection,industrial,0.0,0.5
MP9 | Orange Peel,The Safehouse Collection,industrial,0.0,1.0
MP9 | Pandora's Box,The Gods and Monsters Collection,mil-spec,0.0,0.3
MP9 | Pine,The Boreal Collection,consumer,0.0,0.7
MP9 | Rose Iron,The Winter Offensive Collection,restricted,0.0,0.3
MP9 | Ruby Poison Dart,The Falchion Collection,restricted,0.0,0.5
MP9 | Sand Dashed,The Dust 2 Collection,consumer,0.0,1.0
MP9 | Sand Scale,The Glove Collection,mil-spec,0.0,0.45
MP9 | Setting Sun,The Cache Collection,mil-spec,0.0,1.0
MP9 | Shredded,The Radiant Collection,mil-spec,0.0,0.6
MP9 | Slide,The 2018 Inferno Collection,consumer,0.06,0.8
MP9 | Stained Glass,The Canals Collection,restricted,0.0,0.5
MP9 | Starlight Protector,The Dreams & Nightmares Collection,covert,0.0,0.8
MP9 | Storm,The Overpass Collection,consumer,0.0,1.0
MP9 | Wild Lily,The St. Marc Collection,classified,0.0,0.7
Negev | #PaintKit_sp_palm_Tag,The Alpha Collection,industrial,0.0,1.0
Negev | Anodized Navy,The Assault Collection,mil-spec,0.0,0.08
Negev | Army Sheen,The Bank Collection,consumer,0.0,0.3
Negev | Boroque Sand,The Canals Collection,consumer,0.0,1.0
Negev | Bratatat,The eSports 2014 Summer Collection,mil-spec,0.0,1.0
Negev | Bulkhead,The 2018 Nuke Collection,industrial,0.0,0.5
Negev | CaliCamo,The Mirage Collection,industrial,0.0,0.6
Negev | Dazzle,#CSGO_set_gamma_2,mil-spec,0.1,0.65
Negev | Desert-Strike,The Breakout Collection,mil-spec,0.0,0.5
Negev | Drop Me,The Recoil Collection,mil-spec,0.0,1.0
Negev | Infrastructure,The 2021 Vertigo Collection,mil-spec,0.0,0.49
Negev | Lionfish,The Clutch Collection,restricted,0.0,0.55
Negev | Loudmouth,The Falchion Collection,restricted,0.14,0.65
Negev | Man-o'-war,The Chroma 2 Collection,mil-spec,0.1,0.2
Negev | Mjölnir,The Norse Collection,classified,0.0,0.6
Negev | Nuclear Waste,The Cache Collection,industrial,0.0,0.4
Negev | Phoenix Stencil,The Havoc Collection,mil-spec,0.0,0.65
Negev | Power Loader,The Revolver Case Collection,restricted,0.0,1.0
Negev | Prototype,The Prisma 2 Collection,mil-spec,0.0,0.7
Negev | Raw Ceramic,The Boreal Collection,consumer,0.0,0.75
Negev | Sour Grapes,The Ascent Collection,industrial,0.0,0.8
Negev | Terrain,The Phoenix Collection,mil-spec,0.0,0.45
Negev | Ultralight,The Fracture Collection,mil-spec,0.0,0.79
Negev | Wall Bang,The Overpass 2024 Collection,industrial,0.0,1.0
Negev | dev_texture,The Snakebite Collection,restricted,0.0,0.65
Nova | Antique,The Phoenix Collection,classified,0.0,0.3
Nova | Army Sheen,The Ancient Collection,consumer,0.0,0.3
Nova | Baroque Orange,The Canals Collection,restricted,0.0,0.5
Nova | Blaze Orange,The Militia Collection,mil-spec,0.0,1.0
Nova | Bloomstick,The eSports 2014 Summer Collection,classified,0.0,1.0
Nova | Caged Steel,The Bank Collection,industrial,0.0,0.2
Nova | Candy Apple,The Italy Collection,industrial,0.0,0.3
Nova | Clear Polymer,The Operation Broken Fang Collection,restricted,0.0,1.0
Nova | Dark Sigil,The Kilowatt Collection,mil-spec,0.0,0.698529
Nova | Exo,The Gamma Collection,mil-spec,0.0,0.5
Nova | Forest Leaves,The Aztec Collection,consumer,0.0,1.0
Nova | Ghost Camo,The eSports 2013 Winter Collection,mil-spec,0.0,0.4
Nova | Gila,The Glove Collection,restricted,0.0,0.3
Nova | Graphite,The Arms Deal 2 Collection,restricted,0.0,0.12
Nova | Green Apple,The Cobblestone Collection,industrial,0.0,0.3
Nova | Hyper Beast,The Wildfire Collection,classified,0.0,0.6
Nova | Interlock,The 2021 Vertigo Collection,mil-spec,0.0,0.5
Nova | Koi,The Breakout Collection,restricted,0.0,0.3
Nova | Mandrel,The 2018 Nuke Collection,consumer,0.0,0.5
Nova | Marsh Grass,The Radiant Collection,consumer,0.0,0.55
Nova | Modern Hunter,The Militia Collection,mil-spec,0.0,1.0
Nova | Moon in Libra,The Gods and Monsters Collection,consumer,0.0,0.5
Nova | Plume,The Shattered Web Collection,mil-spec,0.0,0.8
Nova | Polar Mesh,The Train Collection,consumer,0.0,1.0
Nova | Predator,The Dust 2 Collection,consumer,0.0,1.0
Nova | Quick Sand,The 2021 Dust 2 Collection,mil-spec,0.0,0.5
Nova | Rain Station,The Train 2025 Collection,industrial,0.0,0.35
Nova | Ranger,The Falchion Collection,mil-spec,0.0,1.0
Nova | Red Quartz,The 2021 Train Collection,restricted,0.0,0.4
Nova | Rising Skull,The Winter Offensive Collection,restricted,0.0,0.5
Nova | Rising Sun,The Fever Collection,restricted,0.0,1.0
Nova | Rust Coat,The Havoc Collection,industrial,0.0,1.0
Nova | Sand Dune,The Italy Collection,consumer,0.0,1.0
Nova | Sobek's Bite,The Anubis Collection,restricted,0.0,1.0
Nova | Tempest,The Bravo Collection,mil-spec,0.0,0.22
Nova | Toy Soldier,The Horizon Collection,restricted,0.0,1.0
Nova | Turquoise Pour,The Ascent Collection,industrial,0.0,0.678431
Nova | Walnut,The Inferno Collection,consumer,0.0,1.0
Nova | Wild Six,The Clutch Collection,restricted,0.0,0.8
Nova | Windblown,The Snakebite Collection,mil-spec,0.0,0.5
Nova | Wood Fired,The Danger Zone Collection,mil-spec,0.0,0.75
Nova | Wurst Hölle,The Overpass 2024 Collection,mil-spec,0.0,1.0
Nova | Yorkshire,The Sport & Field Collection,mil-spec,0.0,1.0
P2000 | Acid Etched,The Prisma 2 Collection,restricted,0.0,1.0
P2000 | Amber Fade,The Dust 2 Collection,restricted,0.0,0.4
P2000 | Chainmail,The Cobblestone Collection,mil-spec,0.0,0.22
P2000 | Coach Class,The Baggage Collection,industrial,0.0,1.0
P2000 | Coral Halftone,The Graphic Design Collection,industrial,0.0,0.52
P2000 | Corticera,The eSports 2014 Summer Collection,classified,0.0,0.3
P2000 | Dispatch,The Control Collection,mil-spec,0.0,0.65
P2000 | Fire Elemental,The Vanguard Collection,covert,0.0,0.6
P2000 | Gnarled,The Fracture Collection,mil-spec,0.0,1.0
P2000 | Granite Marbleized,The Italy Collection,industrial,0.0,1.0
P2000 | Grassland,The Overpass Collection,industrial,0.0,1.0
P2000 | Grassland Leaves,The Militia Collection,industrial,0.0,1.0
P2000 | Handgun,The Falchion Collection,restricted,0.0,1.0
P2000 | Imperial,The Revolver Case Collection,mil-spec,0.0,0.2
P2000 | Imperial Dragon,The Gamma Collection,classified,0.0,0.63
P2000 | Ivory,The Breakout Collection,mil-spec,0.0,1.0
P2000 | Lifted Spirits,The Dreams & Nightmares Collection,mil-spec,0.0,1.0
P2000 | Marsh,The Boreal Collection,industrial,0.0,0.6
P2000 | Obsidian,The Shattered Web Collection,restricted,0.0,1.0
P2000 | Ocean Foam,The Bravo Collection,classified,0.0,0.12
P2000 | Oceanic,The Chroma 3 Collection,mil-spec,0.0,0.6
P2000 | Panther Camo,The Ancient Collection,industrial,0.0,0.5
P2000 | Pathfinder,The Gods and Monsters Collection,industrial,0.0,0.35
P2000 | Pulse,The Huntsman Collection,mil-spec,0.0,0.6
P2000 | Red FragCam,The Arms Deal 3 Collection,mil-spec,0.0,0.7
P2000 | Royal Baroque,The Ascent Collection,mil-spec,0.0,0.6
P2000 | Scorpion,The Dust Collection,restricted,0.0,0.08
P2000 | Silver,The Office Collection,mil-spec,0.0,0.08
P2000 | Space Race,The 2021 Train Collection,restricted,0.0,0.6
P2000 | Sure Grip,The Fever Collection,mil-spec,0.0,0.9
P2000 | Turf,The Glove Collection,mil-spec,0.0,1.0
P2000 | Urban Hazard,The Clutch Collection,mil-spec,0.0,1.0
P2000 | Wicked Sick,The Revolution Collection,classified,0.0,1.0
P2000 | Woodsman,The Operation Hydra Collection,restricted,0.0,0.8
P250 | Apep's Curse,The Anubis Collection,classified,0.0,1.0
P250 | Asiimov,The Chroma 3 Collection,classified,0.1,1.0
P250 | Bengal Tiger,The Havoc Collection,mil-spec,0.06,0.8
P250 | Black & Tan,The 2021 Dust 2 Collection,mil-spec,0.0,0.5
P250 | Bone Mask,The Mirage Collection,consumer,0.0,1.0
P250 | Boreal Forest,The Lake Collection,consumer,0.0,1.0
P250 | Cartel,The Vanguard Collection,classified,0.0,0.75
P250 | Cassette,The Fracture Collection,mil-spec,0.0,0.6
P250 | Constructivist,The Train 2025 Collection,industrial,0.0,0.35
P250 | Contaminant,The Operation Broken Fang Collection,mil-spec,0.0,0.7
P250 | Contamination,The Cache Collection,industrial,0.0,0.83
P250 | Copper Oxide,The Boreal Collection,consumer,0.0,0.65
P250 | Crimson Kimono,The Rising Sun Collection,industrial,0.0,0.8
P250 | Cyber Shell,The Snakebite Collection,restricted,0.0,0.85
P250 | Dark Filigree,The Canals Collection,industrial,0.0,0.5
P250 | Digital Architect,The 2021 Vertigo Collection,restricted,0.0,0.49
P250 | Drought,The 2021 Mirage Collection,consumer,0.0,0.44
P250 | Epicenter,The Gallery Collection,classified,0.0,0.8
P250 | Exchanger,The 2018 Nuke Collection,mil-spec,0.0,0.5
P250 | Facets,The Alpha Collection,industrial,0.0,1.0
P250 | Facility Draft,The 2018 Nuke Collection,consumer,0.0,0.5
P250 | Forest Night,The Control Collection,consumer,0.0,1.0
P250 | Franklin,The Bank Collection,classified,0.0,0.4
P250 | Gunsmoke,The Inferno Collection,industrial,0.0,1.0
P250 | Hive,The Arms Deal 2 Collection,mil-spec,0.0,0.3
P250 | Inferno,The CS20 Collection,restricted,0.0,0.68
P250 | Iron Clad,The Gamma Collection,mil-spec,0.05,0.8
P250 | Mehndi,The Winter Offensive Collection,classified,0.0,1.0
P250 | Metallic DDPAT,The Train Collection,industrial,0.0,0.08
P250 | Mint Kimono,The Rising Sun Collection,consumer,0.0,0.8
P250 | Modern Hunter,The Militia Collection,mil-spec,0.0,1.0
P250 | Muertos,The Chroma Collection,classified,0.0,0.6
P250 | Nevermore,The Danger Zone Collection,restricted,0.0,0.4
P250 | Nuclear Threat,The Nuke Collection,restricted,0.0,1.0
P250 | Plum Netting,The Ascent Collection,consumer,0.0,0.6
P250 | Re.built,The Revolution Collection,mil-spec,0.0,0.9
P250 | Red Rock,The Operation Hydra Collection,restricted,0.0,1.0
P250 | Red Tide,The Radiant Collection,mil-spec,0.0,0.75
P250 | Ripple,The Spectrum Collection,mil-spec,0.0,0.5
P250 | Sand Dune,The Dust 2 Collection,consumer,0.0,1.0
P250 | Sedimentary,The Radiant Collection,industrial,0.0,0.68
P250 | See Ya Later,The Spectrum 2 Collection,covert,0.0,0.7
P250 | Small Game,The Sport & Field Collection,mil-spec,0.0,0.7
P250 | Splash,The eSports 2013 Collection,restricted,0.0,0.18
P250 | Steel Disruption,The eSports 2013 Winter Collection,mil-spec,0.0,0.2
P250 | Supernova,The Breakout Collection,restricted,0.0,0.4
P250 | Undertow,The Arms Deal 3 Collection,classified,0.0,0.2
P250 | Valence,The Chroma 2 Collection,mil-spec,0.0,0.8
P250 | Verdigris,The Prisma Collection,mil-spec,0.0,0.7
P250 | Vino Primo,The 2018 Inferno Collection,restricted,0.0,1.0
P250 | Visions,The Recoil Collection,classified,0.0,0.7
P250 | Whiteout,The Chop Shop Collection,mil-spec,0.0,1.0
P250 | Wingshot,The Shadow Collection,restricted,0.0,0.9
P250 | X-Ray,The X-Ray Collection,restricted,0.0,0.3
P90 | Ancient Earth,The Ancient Collection,consumer,0.0,0.5
P90 | Ash Wood,The Train Collection,industrial,0.0,0.45
P90 | Asiimov,The Breakout Collection,covert,0.0,0.92
P90 | Astral Jörmungandr,The Norse Collection,restricted,0.0,0.5
P90 | Attack Vector,The Graphic Design Collection,restricted,0.0,0.55
P90 | Baroque Red,The Canals Collection,mil-spec,0.0,0.5
P90 | Blind Spot,The eSports 2013 Winter Collection,restricted,0.0,0.5
P90 | Blue Tac,The Ascent Collection,consumer,0.0,0.6
P90 | Chopper,The Gamma Collection,restricted,0.0,0.6
P90 | Cocoa Rampage,The Operation Broken Fang Collection,mil-spec,0.0,0.6
P90 | Cold Blooded,The Arms Deal 2 Collection,classified,0.0,0.08
P90 | Death Grip,The Operation Hydra Collection,restricted,0.0,1.0
P90 | Death by Kitty,The eSports 2013 Collection,covert,0.08,0.32
P90 | Desert DDPAT,The 2021 Dust 2 Collection,consumer,0.0,0.5
P90 | Desert Halftone,The Radiant Collection,consumer,0.0,0.65
P90 | Desert Warfare,The Huntsman Collection,mil-spec,0.0,0.5
P90 | Elite Build,The Falchion Collection,mil-spec,0.0,1.0
P90 | Emerald Dragon,The Bravo Collection,classified,0.0,0.52
P90 | Facility Negative,The 2018 Nuke Collection,mil-spec,0.0,0.5
P90 | Fallout Warning,The Nuke Collection,industrial,0.0,1.0
P90 | Freight,The Fracture Collection,mil-spec,0.0,1.0
P90 | Glacier Mesh,The Vertigo Collection,mil-spec,0.0,1.0
P90 | Grim,#CSGO_set_gamma_2,mil-spec,0.0,0.8
P90 | Leather,The Baggage Collection,industrial,0.0,1.0
P90 | Module,The Huntsman Collection,mil-spec,0.0,0.35
P90 | Mustard Gas,The Boreal Collection,industrial,0.0,0.63
P90 | Neoqueen,The Revolution Collection,restricted,0.0,0.6
P90 | Nostalgia,The CS20 Collection,classified,0.0,0.57
P90 | Off World,The Prisma Collection,mil-spec,0.0,0.75
P90 | Randy Rush,The Gallery Collection,restricted,0.0,0.75
P90 | Reef Grief,The Ascent Collection,mil-spec,0.0,0.6
P90 | Run and Hide,The Ancient Collection,classified,0.0,1.0
P90 | Sand Spray,The Dust 2 Collection,consumer,0.0,1.0
P90 | ScaraB Rush,The Anubis Collection,restricted,0.0,1.0
P90 | Schematic,The 2021 Vertigo Collection,mil-spec,0.0,0.5
P90 | Scorched,The Mirage Collection,consumer,0.0,1.0
P90 | Shallow Grave,The Glove Collection,classified,0.0,0.75
P90 | Shapewood,The Revolver Case Collection,classified,0.0,1.0
P90 | Storm,The Cobblestone Collection,consumer,0.0,1.0
P90 | Straight Dimes,The Train 2025 Collection,industrial,0.0,1.0
P90 | Sunset Lily,The St. Marc Collection,industrial,0.0,0.5
P90 | Teardown,The Lake Collection,mil-spec,0.0,0.6
P90 | Tiger Pit,The Havoc Collection,mil-spec,0.0,0.5
P90 | Traction,The Horizon Collection,mil-spec,0.0,1.0
P90 | Trigon,The Phoenix Collection,classified,0.08,0.75
P90 | Vent Rush,The Recoil Collection,restricted,0.0,0.7
P90 | Verdant Growth,The 2021 Mirage Collection,industrial,0.0,0.47
P90 | Virus,The eSports 2014 Summer Collection,restricted,0.0,1.0
P90 | Wash me,The Overpass 2024 Collection,industrial,0.0,0.5
P90 | Wave Breaker,The Fever Collection,restricted,0.0,0.950549
PP-Bizon | Anolis,The 2021 Mirage Collection,consumer,0.0,0.5
PP-Bizon | Antique,The Huntsman Collection,restricted,0.0,0.5
PP-Bizon | Bamboo Print,The Rising Sun Collection,consumer,0.0,0.8
PP-Bizon | Blue Streak,The eSports 2014 Summer Collection,restricted,0.0,1.0
PP-Bizon | Brass,The Dust 2 Collection,mil-spec,0.0,1.0
PP-Bizon | Breaker Box,The 2021 Vertigo Collection,industrial,0.0,0.44
PP-Bizon | Candy Apple,The 2018 Inferno Collection,industrial,0.0,0.3
PP-Bizon | Carbon Fiber,The Vertigo Collection,industrial,0.0,0.12
PP-Bizon | Chemical Green,The Cache Collection,industrial,0.0,0.9
PP-Bizon | Cobalt Halftone,The Winter Offensive Collection,mil-spec,0.05,0.45
PP-Bizon | Cold Cell,The Sport & Field Collection,industrial,0.0,0.4
PP-Bizon | Death Rattle,The Havoc Collection,consumer,0.08,0.5
PP-Bizon | Embargo,The Shattered Web Collection,restricted,0.0,1.0
PP-Bizon | Facility Sketch,The 2018 Nuke Collection,consumer,0.0,0.5
PP-Bizon | Forest Leaves,The Militia Collection,consumer,0.0,1.0
PP-Bizon | Fuel Rod,The Revolver Case Collection,restricted,0.0,1.0
PP-Bizon | Harvester,The Gamma Collection,mil-spec,0.0,1.0
PP-Bizon | High Roller,The Spectrum 2 Collection,classified,0.0,1.0
PP-Bizon | Irradiated Alert,The Nuke Collection,consumer,0.0,1.0
PP-Bizon | Judgement of Anubis,The Chroma 3 Collection,covert,0.0,0.5
PP-Bizon | Jungle Slipstream,The Spectrum Collection,mil-spec,0.0,0.5
PP-Bizon | Lumen,The Operation Riptide Collection,mil-spec,0.0,0.77
PP-Bizon | Modern Hunter,The Militia Collection,mil-spec,0.0,1.0
PP-Bizon | Night Ops,The Lake Collection,industrial,0.0,0.6
PP-Bizon | Night Riot,The Clutch Collection,mil-spec,0.0,0.8
PP-Bizon | Osiris,The Breakout Collection,restricted,0.0,0.5
PP-Bizon | Photic Zone,The Wildfire Collection,mil-spec,0.0,1.0
PP-Bizon | Runic,The Fracture Collection,mil-spec,0.0,1.0
PP-Bizon | Rust Coat,The Alpha Collection,mil-spec,0.0,1.0
PP-Bizon | Sand Dashed,The Italy Collection,consumer,0.0,1.0
PP-Bizon | Seabird,The St. Marc Collection,consumer,0.0,0.5
PP-Bizon | Space Cat,The Dreams & Nightmares Collection,restricted,0.0,0.67
PP-Bizon | Urban Dashed,The Train Collection,consumer,0.0,1.0
PP-Bizon | Water Sigil,The eSports 2013 Winter Collection,mil-spec,0.0,0.5
PP-Bizon | Wood Block Camo,The Radiant Collection,consumer,0.0,0.6
REVOLVER | Amber Fade,The Dust 2 Collection,classified,0.0,0.4
REVOLVER | Banana Cannon,The Revolution Collection,restricted,0.0,1.0
REVOLVER | Blaze,The 2021 Train Collection,mil-spec,0.0,0.08
REVOLVER | Bone Forged,The Prisma 2 Collection,mil-spec,0.0,0.6
REVOLVER | Bone Mask,The Bank Collection,consumer,0.0,1.0
REVOLVER | Canal Spray,The Canals Collection,consumer,0.06,0.6
REVOLVER | Cobalt Grip,The Ascent Collection,consumer,0.0,0.80339
REVOLVER | Crazy 8,The Recoil Collection,restricted,0.0,1.0
REVOLVER | Crimson Web,The Revolver Case Collection,mil-spec,0.0,1.0
REVOLVER | Desert Brush,The 2021 Dust 2 Collection,consumer,0.0,0.6
REVOLVER | Fade,The Revolver Case Collection,covert,0.0,0.4
REVOLVER | Grip,The Clutch Collection,mil-spec,0.0,1.0
REVOLVER | Inlay,The Anubis Collection,consumer,0.0,0.76
REVOLVER | Junk Yard,The Snakebite Collection,mil-spec,0.0,1.0
REVOLVER | Leafhopper,The Boreal Collection,industrial,0.0,0.65098
REVOLVER | Llama Cannon,The Spectrum 2 Collection,classified,0.03,0.7
REVOLVER | Memento,The Shattered Web Collection,mil-spec,0.0,0.8
REVOLVER | Night,The Ancient Collection,consumer,0.0,1.0
REVOLVER | Nitro,The 2018 Inferno Collection,industrial,0.0,1.0
REVOLVER | Phoenix Marker,The Havoc Collection,industrial,0.0,0.6
REVOLVER | Reboot,The Gamma Collection,restricted,0.0,1.0
REVOLVER | Skull Crusher,The Prisma Collection,classified,0.25,0.8
REVOLVER | Survivalist,The Horizon Collection,mil-spec,0.0,0.7
REVOLVER | Tango,The Gallery Collection,mil-spec,0.0,0.851064
SCAR-20 | #PaintKit_sp_palm_Tag,The Dust Collection,industrial,0.0,1.0
SCAR-20 | Army Sheen,The Chop Shop Collection,consumer,0.0,0.3
SCAR-20 | Assault,The CS20 Collection,mil-spec,0.0,0.62
SCAR-20 | Bloodsport,The Gamma Collection,classified,0.0,0.45
SCAR-20 | Blueprint,The Spectrum Collection,mil-spec,0.0,0.75
SCAR-20 | Brass,The Norse Collection,mil-spec,0.0,1.0
SCAR-20 | Carbon Fiber,The Train Collection,industrial,0.0,0.12
SCAR-20 | Cardiac,The Vanguard Collection,classified,0.0,1.0
SCAR-20 | Contractor,The Safehouse Collection,consumer,0.0,1.0
SCAR-20 | Crimson Web,The Arms Deal 2 Collection,mil-spec,0.0,1.0
SCAR-20 | Cyrex,The Huntsman Collection,classified,0.0,0.5
SCAR-20 | Emerald,The Alpha Collection,restricted,0.0,0.08
SCAR-20 | Enforcer,The Prisma 2 Collection,restricted,0.0,1.0
SCAR-20 | Fragments,The Revolution Collection,mil-spec,0.0,0.78
SCAR-20 | Green Marine,The Shadow Collection,mil-spec,0.0,0.8
SCAR-20 | Grotto,The Chroma Collection,mil-spec,0.0,0.5
SCAR-20 | Jungle Slipstream,The Spectrum 2 Collection,mil-spec,0.0,0.5
SCAR-20 | Magna Carta,The Control Collection,mil-spec,0.0,0.6
SCAR-20 | Outbreak,The Revolver Case Collection,mil-spec,0.0,0.5
SCAR-20 | Poultrygeist,The Dreams & Nightmares Collection,mil-spec,0.0,0.57
SCAR-20 | Powercore,#CSGO_set_gamma_2,restricted,0.0,1.0
SCAR-20 | Sand Mesh,The Dust 2 Collection,consumer,0.0,1.0
SCAR-20 | Short Ochre,The Radiant Collection,consumer,0.0,0.746575
SCAR-20 | Splash Jam,The Militia Collection,classified,0.0,1.0
SCAR-20 | Stone Mosaico,The Canals Collection,consumer,0.06,0.5
SCAR-20 | Storm,The Cobblestone Collection,consumer,0.0,1.0
SCAR-20 | Torn,The Shattered Web Collection,mil-spec,0.0,0.45
SCAR-20 | Trail Blazer,The Gallery Collection,mil-spec,0.0,0.702614
SCAR-20 | Wild Berry,The Graphic Design Collection,mil-spec,0.0,0.65
SG 553 | Aerial,The Gamma Collection,mil-spec,0.0,0.6
SG 553 | Aloha,The Clutch Collection,mil-spec,0.0,0.55
SG 553 | Anodized Navy,The Lake Collection,mil-spec,0.0,0.08
SG 553 | Army Sheen,The Bank Collection,consumer,0.0,0.3
SG 553 | Atlas,The Chroma 3 Collection,mil-spec,0.0,0.81
SG 553 | Barricade,The Norse Collection,consumer,0.0,0.65
SG 553 | Basket Halftone,The Radiant Collection,industrial,0.0,0.6
SG 553 | Berry Gel Coat,The Graphic Design Collection,mil-spec,0.0,0.8
SG 553 | Bleached,The 2021 Dust 2 Collection,consumer,0.0,0.5
SG 553 | Bulldozer,The Chop Shop Collection,restricted,0.0,1.0
SG 553 | Candy Apple,The Canals Collection,industrial,0.0,0.7
SG 553 | Colony IV,The Shattered Web Collection,classified,0.0,1.0
SG 553 | Cyberforce,The Revolution Collection,mil-spec,0.0,0.9
SG 553 | Cyrex,The Falchion Collection,classified,0.0,1.0
SG 553 | Damascus Steel,The Dust 2 Collection,mil-spec,0.0,1.0
SG 553 | Danger Close,The Danger Zone Collection,mil-spec,0.02,0.8
SG 553 | Darkwing,The Prisma 2 Collection,restricted,0.0,1.0
SG 553 | Desert Blossom,The 2021 Mirage Collection,mil-spec,0.0,0.49
SG 553 | Dragon Tech,The Recoil Collection,restricted,0.0,0.7
SG 553 | Fallout Warning,The Cache Collection,industrial,0.0,0.8
SG 553 | Gator Mesh,The Mirage Collection,industrial,0.0,0.6
SG 553 | Hazard Pay,The 2021 Vertigo Collection,classified,0.0,0.48
SG 553 | Heavy Metal,The Snakebite Collection,mil-spec,0.0,1.0
SG 553 | Hypnotic,The Havoc Collection,restricted,0.0,0.08
SG 553 | Integrale,The 2018 Inferno Collection,classified,0.0,1.0
SG 553 | Lush Ruins,The Ancient Collection,consumer,0.0,0.7
SG 553 | Night Camo,The Ascent Collection,consumer,0.0,0.795222
SG 553 | Ol' Rusty,The Fracture Collection,mil-spec,0.0,0.7
SG 553 | Phantom,The Spectrum 2 Collection,restricted,0.0,0.6
SG 553 | Pulse,The Phoenix Collection,restricted,0.1,0.6
SG 553 | Tiger Moth,The Revolver Case Collection,restricted,0.0,1.0
SG 553 | Tornado,The Assault Collection,consumer,0.0,1.0
SG 553 | Traveler,The Baggage Collection,industrial,0.0,1.0
SG 553 | Triarch,#CSGO_set_gamma_2,restricted,0.0,1.0
SG 553 | Ultraviolet,The Arms Deal Collection,mil-spec,0.0,1.0
SG 553 | Wave Spray,The Bravo Collection,mil-spec,0.0,1.0
SG 553 | Waves Perforated,The Lake Collection,consumer,0.0,1.0
SSG 08 | Abyss,The Breakout Collection,mil-spec,0.0,1.0
SSG 08 | Acid Fade,The Safehouse Collection,mil-spec,0.0,0.03
SSG 08 | Azure Glyph,The Anubis Collection,industrial,0.01,0.99
SSG 08 | Big Iron,The Shadow Collection,classified,0.0,0.64
SSG 08 | Blood in the Water,The Arms Deal 2 Collection,covert,0.0,0.2
SSG 08 | Bloodshot,The Shattered Web Collection,classified,0.14,0.6
SSG 08 | Blue Spruce,The Safehouse Collection,consumer,0.0,1.0
SSG 08 | Blush Pour,The Radiant Collection,mil-spec,0.0,0.678431
SSG 08 | Carbon Fiber,The 2021 Vertigo Collection,industrial,0.0,0.12
SSG 08 | Dark Water,The eSports 2014 Summer Collection,mil-spec,0.1,0.26
SSG 08 | Death Strike,The 2021 Dust 2 Collection,classified,0.0,0.8
SSG 08 | Death's Head,The Operation Hydra Collection,restricted,0.0,0.51
SSG 08 | Detour,The Overpass Collection,mil-spec,0.0,0.43
SSG 08 | Dezastre,The Kilowatt Collection,mil-spec,0.0,1.0
SSG 08 | Dragonfire,The Glove Collection,covert,0.0,0.5
SSG 08 | Fever Dream,The Prisma 2 Collection,restricted,0.0,0.72
SSG 08 | Ghost Crusader,The Chroma 3 Collection,restricted,0.0,1.0
SSG 08 | Green Ceramic,The Boreal Collection,consumer,0.0,0.75
SSG 08 | Grey Smoke,The Ascent Collection,consumer,0.0,0.6
SSG 08 | Halftone Whorl,The Graphic Design Collection,industrial,0.0,0.5
SSG 08 | Hand Brake,The 2018 Inferno Collection,mil-spec,0.0,1.0
SSG 08 | Jungle Dashed,The Ancient Collection,consumer,0.0,1.0
SSG 08 | Lichen Dashed,The Aztec Collection,consumer,0.0,1.0
SSG 08 | Mainframe 001,The Fracture Collection,mil-spec,0.0,1.0
SSG 08 | Mayan Dreams,The Alpha Collection,industrial,0.0,1.0
SSG 08 | Memorial,The Fever Collection,mil-spec,0.0,1.0
SSG 08 | Necropos,The Wildfire Collection,mil-spec,0.0,1.0
SSG 08 | Orange Filigree,The Canals Collection,mil-spec,0.0,0.5
SSG 08 | Parallax,The Operation Broken Fang Collection,restricted,0.0,1.0
SSG 08 | Prey,The 2021 Mirage Collection,consumer,0.0,0.48
SSG 08 | Rapid Transit,The Gallery Collection,restricted,0.0,0.75
SSG 08 | Red Stone,The Norse Collection,consumer,0.06,0.5
SSG 08 | Sand Dune,The Baggage Collection,consumer,0.0,1.0
SSG 08 | Sea Calico,The St. Marc Collection,restricted,0.0,0.5
SSG 08 | Slashed,The Huntsman Collection,mil-spec,0.15,0.8
SSG 08 | Spring Twilly,The 2021 Train Collection,mil-spec,0.0,0.55
SSG 08 | Threat Detected,The Control Collection,mil-spec,0.0,0.65
SSG 08 | Tiger Tear,The Boreal Collection,industrial,0.0,0.55
SSG 08 | Tropical Storm,The Mirage Collection,industrial,0.0,1.0
SSG 08 | Turbo Peek,The Operation Riptide Collection,classified,0.0,0.6
SSG 08 | Zeno,The Sport & Field Collection,mil-spec,0.0,0.7
Sawed-Off | Amber Fade,The Train Collection,mil-spec,0.0,0.4
Sawed-Off | Analog Input,The Kilowatt Collection,restricted,0.0,0.61886
Sawed-Off | Apocalypto,The Prisma 2 Collection,restricted,0.0,1.0
Sawed-Off | Bamboo Shadow,The Rising Sun Collection,consumer,0.0,0.6
Sawed-Off | Black Sand,The Danger Zone Collection,mil-spec,0.0,0.9
Sawed-Off | Brake Light,The 2018 Inferno Collection,mil-spec,0.0,0.08
Sawed-Off | Clay Ambush,The Havoc Collection,consumer,0.0,0.6
Sawed-Off | Copper,The Dust Collection,mil-spec,0.0,1.0
Sawed-Off | Devourer,The Horizon Collection,classified,0.0,0.8
Sawed-Off | First Class,The Baggage Collection,mil-spec,0.0,0.5
Sawed-Off | Forest DDPAT,The Bank Collection,consumer,0.0,1.0
Sawed-Off | Fubar,The Chroma 3 Collection,mil-spec,0.4,1.0
Sawed-Off | Full Stop,The Italy Collection,mil-spec,0.0,0.6
Sawed-Off | Highwayman,The Vanguard Collection,restricted,0.0,1.0
Sawed-Off | Irradiated Alert,The Nuke Collection,consumer,0.0,1.0
Sawed-Off | Jungle Thicket,The St. Marc Collection,consumer,0.0,0.5
Sawed-Off | Kiss♥Love,The Recoil Collection,classified,0.0,1.0
Sawed-Off | Limelight,The Gamma Collection,restricted,0.0,1.0
Sawed-Off | Morris,The Spectrum 2 Collection,mil-spec,0.0,1.0
Sawed-Off | Mosaico,The Alpha Collection,industrial,0.0,1.0
Sawed-Off | Orange DDPAT,The eSports 2013 Collection,restricted,0.0,1.0
Sawed-Off | Origami,The Chroma 2 Collection,mil-spec,0.0,0.55
Sawed-Off | Parched,The 2021 Dust 2 Collection,consumer,0.0,0.49
Sawed-Off | Runoff,The Ascent Collection,consumer,0.0,0.780822
Sawed-Off | Rust Coat,The Cobblestone Collection,industrial,0.0,1.0
Sawed-Off | Sage Spray,The Overpass Collection,consumer,0.0,1.0
Sawed-Off | Serenity,The Chroma Collection,restricted,0.0,0.5
Sawed-Off | Snake Camo,The Dust 2 Collection,industrial,0.0,1.0
Sawed-Off | Spirit Board,The Dreams & Nightmares Collection,mil-spec,0.0,1.0
Sawed-Off | The Kraken,The Winter Offensive Collection,covert,0.0,0.4
Sawed-Off | Wasteland Princess,The Glove Collection,classified,0.0,0.7
Sawed-Off | Yorick,The Revolver Case Collection,mil-spec,0.0,1.0
Sawed-Off | Zander,The Spectrum Collection,mil-spec,0.05,1.0
TASER | Charged Up,The Train 2025 Collection,restricted,0.0,1.0
TASER | Dragon Snore,The Overpass 2024 Collection,classified,0.0,0.8
TASER | Electric Blue,The Ascent Collection,industrial,0.0,0.75
TASER | Olympus,The Kilowatt Collection,classified,0.0,0.67
TASER | Swamp DDPAT,The Boreal Collection,consumer,0.0,0.6
TASER | Tosai,The Fever Collection,restricted,0.0,0.7
Tec-9 | Army Mesh,The Safehouse Collection,consumer,0.0,0.6
Tec-9 | Avalanche,The Revolver Case Collection,restricted,0.0,1.0
Tec-9 | Bamboo Forest,The Rising Sun Collection,consumer,0.0,0.6
Tec-9 | Bamboozle,The Prisma Collection,restricted,0.0,0.8
Tec-9 | Blast From the Past,The Ancient Collection,mil-spec,0.0,0.65
Tec-9 | Blue Blast,The Ascent Collection,consumer,0.0,0.8
Tec-9 | Blue Titanium,The Arms Deal 2 Collection,mil-spec,0.0,0.04
Tec-9 | Brass,The Inferno Collection,mil-spec,0.0,1.0
Tec-9 | Brother,The Fracture Collection,restricted,0.0,1.0
Tec-9 | Citric Acid,The Radiant Collection,industrial,0.0,0.6
Tec-9 | Cracked Opal,The Spectrum 2 Collection,mil-spec,0.0,1.0
Tec-9 | Cut Out,The Operation Hydra Collection,mil-spec,0.0,1.0
Tec-9 | Decimator,The Shattered Web Collection,classified,0.0,0.75
Tec-9 | Flash Out,The CS20 Collection,mil-spec,0.0,0.7
Tec-9 | Fubar,The Danger Zone Collection,mil-spec,0.14,1.0
Tec-9 | Fuel Injector,#CSGO_set_gamma_2,classified,0.0,1.0
Tec-9 | Garter-9,The Boreal Collection,industrial,0.0,0.7
Tec-9 | Groundwater,The Italy Collection,consumer,0.0,1.0
Tec-9 | Hades,The Gods and Monsters Collection,industrial,0.0,1.0
Tec-9 | Ice Cap,The Gamma Collection,mil-spec,0.0,0.5
Tec-9 | Isaac,The Huntsman Collection,mil-spec,0.0,1.0
Tec-9 | Jambiya,The Wildfire Collection,mil-spec,0.0,1.0
Tec-9 | Mummy's Rot,The Anubis Collection,mil-spec,0.0,1.0
Tec-9 | Nuclear Threat,The Nuke Collection,restricted,0.0,1.0
Tec-9 | Orange Murano,The Canals Collection,industrial,0.0,1.0
Tec-9 | Ossified,The Aztec Collection,mil-spec,0.0,0.08
Tec-9 | Phoenix Chalk,The Havoc Collection,consumer,0.0,0.8
Tec-9 | Raw Ceramic,The Boreal Collection,consumer,0.0,0.75
Tec-9 | Re-Entry,The Chroma 3 Collection,restricted,0.0,0.43
Tec-9 | Rebel,The Revolution Collection,mil-spec,0.0,1.0
Tec-9 | Red Quartz,The Train Collection,restricted,0.0,0.4
Tec-9 | Remote Control,The 2018 Nuke Collection,classified,0.0,1.0
Tec-9 | Rust Leaf,The St. Marc Collection,industrial,0.0,0.5
Tec-9 | Safety Net,The 2021 Train Collection,mil-spec,0.0,0.6
Tec-9 | Sandstorm,The Phoenix Collection,mil-spec,0.1,0.7
Tec-9 | Slag,The Kilowatt Collection,mil-spec,0.0,0.9
Tec-9 | Snek-9,The Horizon Collection,mil-spec,0.0,1.0
Tec-9 | Terrace,The Rising Sun Collection,mil-spec,0.0,1.0
Tec-9 | Tiger Stencil,The Sport & Field Collection,industrial,0.0,0.6
Tec-9 | Titanium Bit,The Arms Deal 3 Collection,restricted,0.0,0.2
Tec-9 | Tornado,The Alpha Collection,consumer,0.0,1.0
Tec-9 | Toxic,The Cache Collection,mil-spec,0.0,0.7
Tec-9 | Urban DDPAT,The Bank Collection,consumer,0.0,1.0
Tec-9 | VariCamo,The Dust 2 Collection,industrial,0.0,0.6
Tec-9 | Whiteout,The Train 2025 Collection,restricted,0.06,1.0
UMP-45 | Arctic Wolf,The Clutch Collection,restricted,0.0,0.8
UMP-45 | Blaze,The Mirage Collection,mil-spec,0.0,0.08
UMP-45 | Bone Pile,The Bravo Collection,mil-spec,0.0,0.34
UMP-45 | Briefing,#CSGO_set_gamma_2,mil-spec,0.0,1.0
UMP-45 | Caramel,The Assault Collection,consumer,0.0,1.0
UMP-45 | Carbon Fiber,The Bank Collection,industrial,0.0,0.12
UMP-45 | Corporal,The Phoenix Collection,mil-spec,0.05,0.75
UMP-45 | Crime Scene,The Control Collection,restricted,0.0,0.75
UMP-45 | Crimson Foil,The Sport & Field Collection,restricted,0.0,0.68
UMP-45 | Day Lily,The St. Marc Collection,mil-spec,0.0,0.55
UMP-45 | Delusion,The Vanguard Collection,mil-spec,0.06,0.35
UMP-45 | Exposure,The Spectrum 2 Collection,restricted,0.0,0.55
UMP-45 | Facility Dark,The 2018 Nuke Collection,consumer,0.0,0.5
UMP-45 | Fade,The 2021 Dust 2 Collection,classified,0.0,0.08
UMP-45 | Fallout Warning,The Nuke Collection,industrial,0.0,1.0
UMP-45 | Full Stop,The 2021 Train Collection,mil-spec,0.0,0.6
UMP-45 | Gold Bismuth,The Operation Broken Fang Collection,restricted,0.0,0.7
UMP-45 | Grand Prix,The Chroma 2 Collection,restricted,0.25,0.35
UMP-45 | Green Swirl,The Boreal Collection,consumer,0.0,0.7
UMP-45 | Gunsmoke,The Italy Collection,industrial,0.0,1.0
UMP-45 | Houndstooth,The Havoc Collection,industrial,0.0,0.6
UMP-45 | Indigo,The Cobblestone Collection,consumer,0.06,0.8
UMP-45 | K.O. Factory,The Fever Collection,classified,0.0,1.0
UMP-45 | Labyrinth,The Breakout Collection,mil-spec,0.0,0.4
UMP-45 | Late Night Transit,The Train 2025 Collection,mil-spec,0.0,1.0
UMP-45 | Mechanism,The 2021 Vertigo Collection,industrial,0.0,0.49
UMP-45 | Metal Flowers,The Operation Hydra Collection,mil-spec,0.0,0.7
UMP-45 | Minotaur's Labyrinth,The Gods and Monsters Collection,mil-spec,0.0,0.39
UMP-45 | Momentum,The Danger Zone Collection,classified,0.0,0.5
UMP-45 | Moonrise,The Prisma Collection,restricted,0.0,0.4
UMP-45 | Motorized,The Kilowatt Collection,mil-spec,0.0,0.801418
UMP-45 | Mudder,The 2018 Inferno Collection,consumer,0.0,1.0
UMP-45 | Neo-Noir,The Gallery Collection,classified,0.0,1.0
UMP-45 | Oscillator,The Snakebite Collection,mil-spec,0.0,0.5
UMP-45 | Plastique,The CS20 Collection,restricted,0.0,0.8
UMP-45 | Primal Saber,The Chroma 3 Collection,classified,0.0,0.77
UMP-45 | Riot,The Falchion Collection,mil-spec,0.0,0.7
UMP-45 | Roadblock,The Recoil Collection,mil-spec,0.0,1.0
UMP-45 | Scaffold,The Spectrum Collection,restricted,0.0,1.0
UMP-45 | Scorched,The Overpass Collection,consumer,0.0,1.0
UMP-45 | Urban DDPAT,The Train Collection,consumer,0.0,1.0
UMP-45 | Wild Child,The Revolution Collection,classified,0.0,1.0
USP-S | 027,The Gallery Collection,industrial,0.0,1.0
USP-S | Alpine Camo,The Sport & Field Collection,mil-spec,0.0,0.68
USP-S | Ancient Visions,The Ancient Collection,restricted,0.0,0.45
USP-S | Black Lotus,The Operation Riptide Collection,mil-spec,0.0,0.9
USP-S | Bleeding Edge,The Radiant Collection,restricted,0.0,0.6
USP-S | Blood Tiger,The eSports 2014 Summer Collection,mil-spec,0.0,0.3
USP-S | Blueprint,The Operation Hydra Collection,mil-spec,0.0,0.86
USP-S | Business Class,The Baggage Collection,mil-spec,0.0,1.0
USP-S | Caiman,The Huntsman Collection,classified,0.0,0.4
USP-S | Check Engine,The 2018 Inferno Collection,mil-spec,0.0,0.6
USP-S | Cortex,The Clutch Collection,classified,0.0,1.0
USP-S | Cyrex,The Glove Collection,restricted,0.0,0.55
USP-S | Dark Water,The Arms Deal Collection,restricted,0.1,0.26
USP-S | Desert Tactical,The Anubis Collection,industrial,0.0,1.0
USP-S | Flashback,The Danger Zone Collection,restricted,0.0,0.5
USP-S | Forest Leaves,The Safehouse Collection,industrial,0.0,1.0
USP-S | Guardian,The Phoenix Collection,restricted,0.0,0.38
USP-S | Jawbreaker,The Kilowatt Collection,classified,0.0,1.0
USP-S | Kill Confirmed,The Shadow Collection,covert,0.0,1.0
USP-S | Lead Conduit,The Wildfire Collection,mil-spec,0.0,1.0
USP-S | Monster Mashup,The Operation Broken Fang Collection,classified,0.0,0.7
USP-S | Neo-Noir,The Spectrum Collection,covert,0.0,0.7
USP-S | Night Ops,The Lake Collection,mil-spec,0.0,0.6
USP-S | Orange Anolis,The 2021 Dust 2 Collection,restricted,0.0,0.37
USP-S | Orion,The Huntsman Collection,classified,0.0,0.5
USP-S | Overgrowth,The Bravo Collection,restricted,0.0,1.0
USP-S | PC-GRN,The Fever Collection,mil-spec,0.0,0.9
USP-S | Para Green,The Chop Shop Collection,industrial,0.0,0.8
USP-S | Pathfinder,The Norse Collection,industrial,0.0,0.35
USP-S | Printstream,The Recoil Collection,covert,0.0,0.85
USP-S | Purple DDPAT,The 2021 Mirage Collection,mil-spec,0.0,0.55
USP-S | Road Rash,The Overpass Collection,restricted,0.0,1.0
USP-S | Royal Blue,The Cobblestone Collection,industrial,0.06,0.8
USP-S | Royal Guard,The Ascent Collection,restricted,0.0,0.6
USP-S | Serum,The Arms Deal 2 Collection,classified,0.0,0.25
USP-S | Stainless,The Arms Deal 3 Collection,mil-spec,0.0,0.8
USP-S | Target Acquired,The Control Collection,classified,0.0,0.5
USP-S | The Traitor,The Snakebite Collection,covert,0.0,1.0
USP-S | Ticket to Hell,The Dreams & Nightmares Collection,restricted,0.0,0.76
USP-S | Torque,The Falchion Collection,mil-spec,0.0,0.46
USP-S | Tropical Breeze,The Boreal Collection,mil-spec,0.0,0.55
USP-S | Whiteout,The 2021 Train Collection,classified,0.0,1.0
XM1014 | Ancient Lore,The Ancient Collection,restricted,0.0,0.5
XM1014 | Banana Leaf,The St. Marc Collection,industrial,0.0,0.6
XM1014 | Black Tie,The Chroma 3 Collection,restricted,0.0,0.75
XM1014 | Blaze Orange,The Militia Collection,mil-spec,0.0,1.0
XM1014 | Blue Spruce,The Lake Collection,consumer,0.0,1.0
XM1014 | Blue Steel,The Lake Collection,industrial,0.0,1.0
XM1014 | Blue Tire,The 2021 Vertigo Collection,consumer,0.0,0.55
XM1014 | Bone Machine,The Cache Collection,mil-spec,0.0,0.6
XM1014 | CaliCamo,The Italy Collection,industrial,0.0,0.6
XM1014 | Canvas Cloud,The Radiant Collection,consumer,0.0,0.6
XM1014 | Charter,The Control Collection,consumer,0.0,0.65
XM1014 | Copperflage,The Boreal Collection,mil-spec,0.0,0.6
XM1014 | Elegant Vines,The 2021 Mirage Collection,restricted,0.0,0.37
XM1014 | Entombed,The Fracture Collection,classified,0.0,0.5
XM1014 | Fallout Warning,The Nuke Collection,industrial,0.0,1.0
XM1014 | Frost Borre,The Norse Collection,mil-spec,0.0,0.5
XM1014 | Grassland,The Militia Collection,consumer,0.0,1.0
XM1014 | Gum Wall Camo,The Ascent Collection,industrial,0.0,0.6
XM1014 | Halftone Shift,The Graphic Design Collection,mil-spec,0.0,0.6
XM1014 | Heaven Guard,The Huntsman Collection,restricted,0.03,0.5
XM1014 | Hieroglyph,The Anubis Collection,consumer,0.0,1.0
XM1014 | Incinegator,The Prisma Collection,classified,0.14,0.65
XM1014 | Irezumi,The Kilowatt Collection,mil-spec,0.0,0.799353
XM1014 | Jungle,The Alpha Collection,consumer,0.0,1.0
XM1014 | Mockingbird,The Fever Collection,mil-spec,0.0,1.0
XM1014 | Monster Melt,The Overpass 2024 Collection,restricted,0.0,0.75
XM1014 | Oxide Blaze,The Clutch Collection,mil-spec,0.0,0.7
XM1014 | Quicksilver,The Chroma Collection,mil-spec,0.0,0.5
XM1014 | Red Leather,The Baggage Collection,mil-spec,0.0,0.56
XM1014 | Red Python,The eSports 2014 Summer Collection,mil-spec,0.08,0.5
XM1014 | Run Run Run,The Train 2025 Collection,mil-spec,0.0,0.746575
XM1014 | Scumbria,The Shadow Collection,mil-spec,0.0,1.0
XM1014 | Seasons,The Spectrum Collection,restricted,0.0,0.5
XM1014 | Slipstream,#CSGO_set_gamma_2,mil-spec,0.0,0.5
XM1014 | Solitude,Limited Edition Item,restricted,0.0,0.7
XM1014 | Teclu Burner,The Revolver Case Collection,restricted,0.0,0.65
XM1014 | Tranquility,The Vanguard Collection,classified,0.0,0.5
XM1014 | Urban Perforated,The Vertigo Collection,consumer,0.0,1.0
XM1014 | VariCamo Blue,The Overpass Collection,mil-spec,0.0,0.5
XM1014 | Watchdog,The Operation Riptide Collection,mil-spec,0.0,1.0
XM1014 | XOXO,The Snakebite Collection,classified,0.0,0.9
XM1014 | Ziggy,The Spectrum 2 Collection,restricted,0.0,0.72
XM1014 | Zombie Offensive,The Dreams & Nightmares Collection,restricted,0.0,0.5
